index,timestamp,original_temperature,damaged_temperature,reconstructed_temperature,mask,scenario,block_position,missing_rate,method
0,2009-01-01 00:10:00,-8.020000,-8.020000,-8.020000,0,block_end,end,0.20,spline_interpolation
1,2009-01-01 00:20:00,-8.410000,-8.410000,-8.410000,0,block_end,end,0.20,spline_interpolation
2,2009-01-01 00:30:00,-8.510000,-8.510000,-8.510000,0,block_end,end,0.20,spline_interpolation
3,2009-01-01 00:40:00,-8.310000,-8.310000,-8.310000,0,block_end,end,0.20,spline_interpolation
4,2009-01-01 00:50:00,-8.270000,-8.270000,-8.270000,0,block_end,end,0.20,spline_interpolation
5,2009-01-01 01:00:00,-8.050000,-8.050000,-8.050000,0,block_end,end,0.20,spline_interpolation
6,2009-01-01 01:10:00,-7.620000,-7.620000,-7.620000,0,block_end,end,0.20,spline_interpolation
7,2009-01-01 01:20:00,-7.620000,-7.620000,-7.620000,0,block_end,end,0.20,spline_interpolation
8,2009-01-01 01:30:00,-7.910000,-7.910000,-7.910000,0,block_end,end,0.20,spline_interpolation
9,2009-01-01 01:40:00,-8.430000,-8.430000,-8.430000,0,block_end,end,0.20,spline_interpolation
10,2009-01-01 01:50:00,-8.760000,-8.760000,-8.760000,0,block_end,end,0.20,spline_interpolation
11,2009-01-01 02:00:00,-8.880000,-8.880000,-8.880000,0,block_end,end,0.20,spline_interpolation
12,2009-01-01 02:10:00,-8.850000,-8.850000,-8.850000,0,block_end,end,0.20,spline_interpolation
13,2009-01-01 02:20:00,-8.830000,-8.830000,-8.830000,0,block_end,end,0.20,spline_interpolation
14,2009-01-01 02:30:00,-8.660000,-8.660000,-8.660000,0,block_end,end,0.20,spline_interpolation
15,2009-01-01 02:40:00,-8.660000,-8.660000,-8.660000,0,block_end,end,0.20,spline_interpolation
16,2009-01-01 02:50:00,-8.700000,-8.700000,-8.700000,0,block_end,end,0.20,spline_interpolation
17,2009-01-01 03:00:00,-8.810000,-8.810000,-8.810000,0,block_end,end,0.20,spline_interpolation
18,2009-01-01 03:10:00,-8.840000,-8.840000,-8.840000,0,block_end,end,0.20,spline_interpolation
19,2009-01-01 03:20:00,-8.940000,-8.940000,-8.940000,0,block_end,end,0.20,spline_interpolation
20,2009-01-01 03:30:00,-8.940000,-8.940000,-8.940000,0,block_end,end,0.20,spline_interpolation
21,2009-01-01 03:40:00,-8.860000,-8.860000,-8.860000,0,block_end,end,0.20,spline_interpolation
22,2009-01-01 03:50:00,-8.990000,-8.990000,-8.990000,0,block_end,end,0.20,spline_interpolation
23,2009-01-01 04:00:00,-9.050000,-9.050000,-9.050000,0,block_end,end,0.20,spline_interpolation
24,2009-01-01 04:10:00,-9.230000,-9.230000,-9.230000,0,block_end,end,0.20,spline_interpolation
25,2009-01-01 04:20:00,-9.490000,-9.490000,-9.490000,0,block_end,end,0.20,spline_interpolation
26,2009-01-01 04:30:00,-9.500000,-9.500000,-9.500000,0,block_end,end,0.20,spline_interpolation
27,2009-01-01 04:40:00,-9.350000,-9.350000,-9.350000,0,block_end,end,0.20,spline_interpolation
28,2009-01-01 04:50:00,-9.470000,-9.470000,-9.470000,0,block_end,end,0.20,spline_interpolation
29,2009-01-01 05:00:00,-9.630000,-9.630000,-9.630000,0,block_end,end,0.20,spline_interpolation
30,2009-01-01 05:10:00,-9.670000,-9.670000,-9.670000,0,block_end,end,0.20,spline_interpolation
31,2009-01-01 05:20:00,-9.680000,-9.680000,-9.680000,0,block_end,end,0.20,spline_interpolation
32,2009-01-01 05:30:00,-9.900000,-9.900000,-9.900000,0,block_end,end,0.20,spline_interpolation
33,2009-01-01 05:40:00,-9.910000,-9.910000,-9.910000,0,block_end,end,0.20,spline_interpolation
34,2009-01-01 05:50:00,-9.510000,-9.510000,-9.510000,0,block_end,end,0.20,spline_interpolation
35,2009-01-01 06:00:00,-9.670000,-9.670000,-9.670000,0,block_end,end,0.20,spline_interpolation
36,2009-01-01 06:10:00,-9.590000,-9.590000,-9.590000,0,block_end,end,0.20,spline_interpolation
37,2009-01-01 06:20:00,-9.150000,-9.150000,-9.150000,0,block_end,end,0.20,spline_interpolation
38,2009-01-01 06:30:00,-8.910000,-8.910000,-8.910000,0,block_end,end,0.20,spline_interpolation
39,2009-01-01 06:40:00,-9.040000,-9.040000,-9.040000,0,block_end,end,0.20,spline_interpolation
40,2009-01-01 06:50:00,-9.430000,-9.430000,-9.430000,0,block_end,end,0.20,spline_interpolation
41,2009-01-01 07:00:00,-9.170000,-9.170000,-9.170000,0,block_end,end,0.20,spline_interpolation
42,2009-01-01 07:10:00,-8.710000,-8.710000,-8.710000,0,block_end,end,0.20,spline_interpolation
43,2009-01-01 07:20:00,-8.550000,-8.550000,-8.550000,0,block_end,end,0.20,spline_interpolation
44,2009-01-01 07:30:00,-8.400000,-8.400000,-8.400000,0,block_end,end,0.20,spline_interpolation
45,2009-01-01 07:40:00,-8.300000,-8.300000,-8.300000,0,block_end,end,0.20,spline_interpolation
46,2009-01-01 07:50:00,-8.130000,-8.130000,-8.130000,0,block_end,end,0.20,spline_interpolation
47,2009-01-01 08:00:00,-8.100000,-8.100000,-8.100000,0,block_end,end,0.20,spline_interpolation
48,2009-01-01 08:10:00,-8.140000,-8.140000,-8.140000,0,block_end,end,0.20,spline_interpolation
49,2009-01-01 08:20:00,-8.060000,-8.060000,-8.060000,0,block_end,end,0.20,spline_interpolation
50,2009-01-01 08:30:00,-7.950000,-7.950000,-7.950000,0,block_end,end,0.20,spline_interpolation
51,2009-01-01 08:40:00,-7.740000,-7.740000,-7.740000,0,block_end,end,0.20,spline_interpolation
52,2009-01-01 08:50:00,-7.570000,-7.570000,-7.570000,0,block_end,end,0.20,spline_interpolation
53,2009-01-01 09:00:00,-7.660000,-7.660000,-7.660000,0,block_end,end,0.20,spline_interpolation
54,2009-01-01 09:10:00,-7.710000,-7.710000,-7.710000,0,block_end,end,0.20,spline_interpolation
55,2009-01-01 09:20:00,-7.560000,-7.560000,-7.560000,0,block_end,end,0.20,spline_interpolation
56,2009-01-01 09:30:00,-7.290000,-7.290000,-7.290000,0,block_end,end,0.20,spline_interpolation
57,2009-01-01 09:40:00,-7.150000,-7.150000,-7.150000,0,block_end,end,0.20,spline_interpolation
58,2009-01-01 09:50:00,-7.020000,-7.020000,-7.020000,0,block_end,end,0.20,spline_interpolation
59,2009-01-01 10:00:00,-7.040000,-7.040000,-7.040000,0,block_end,end,0.20,spline_interpolation
60,2009-01-01 10:10:00,-7.030000,-7.030000,-7.030000,0,block_end,end,0.20,spline_interpolation
61,2009-01-01 10:20:00,-7.150000,-7.150000,-7.150000,0,block_end,end,0.20,spline_interpolation
62,2009-01-01 10:30:00,-7.260000,-7.260000,-7.260000,0,block_end,end,0.20,spline_interpolation
63,2009-01-01 10:40:00,-7.340000,-7.340000,-7.340000,0,block_end,end,0.20,spline_interpolation
64,2009-01-01 10:50:00,-7.350000,-7.350000,-7.350000,0,block_end,end,0.20,spline_interpolation
65,2009-01-01 11:00:00,-7.410000,-7.410000,-7.410000,0,block_end,end,0.20,spline_interpolation
66,2009-01-01 11:10:00,-7.480000,-7.480000,-7.480000,0,block_end,end,0.20,spline_interpolation
67,2009-01-01 11:20:00,-7.380000,-7.380000,-7.380000,0,block_end,end,0.20,spline_interpolation
68,2009-01-01 11:30:00,-7.210000,-7.210000,-7.210000,0,block_end,end,0.20,spline_interpolation
69,2009-01-01 11:40:00,-7.160000,-7.160000,-7.160000,0,block_end,end,0.20,spline_interpolation
70,2009-01-01 11:50:00,-7.030000,-7.030000,-7.030000,0,block_end,end,0.20,spline_interpolation
71,2009-01-01 12:00:00,-6.870000,-6.870000,-6.870000,0,block_end,end,0.20,spline_interpolation
72,2009-01-01 12:10:00,-6.770000,-6.770000,-6.770000,0,block_end,end,0.20,spline_interpolation
73,2009-01-01 12:20:00,-6.700000,-6.700000,-6.700000,0,block_end,end,0.20,spline_interpolation
74,2009-01-01 12:30:00,-6.610000,-6.610000,-6.610000,0,block_end,end,0.20,spline_interpolation
75,2009-01-01 12:40:00,-6.510000,-6.510000,-6.510000,0,block_end,end,0.20,spline_interpolation
76,2009-01-01 12:50:00,-6.210000,-6.210000,-6.210000,0,block_end,end,0.20,spline_interpolation
77,2009-01-01 13:00:00,-5.890000,-5.890000,-5.890000,0,block_end,end,0.20,spline_interpolation
78,2009-01-01 13:10:00,-5.830000,-5.830000,-5.830000,0,block_end,end,0.20,spline_interpolation
79,2009-01-01 13:20:00,-5.760000,-5.760000,-5.760000,0,block_end,end,0.20,spline_interpolation
80,2009-01-01 13:30:00,-5.900000,-5.900000,-5.900000,0,block_end,end,0.20,spline_interpolation
81,2009-01-01 13:40:00,-5.970000,-5.970000,-5.970000,0,block_end,end,0.20,spline_interpolation
82,2009-01-01 13:50:00,-5.880000,-5.880000,-5.880000,0,block_end,end,0.20,spline_interpolation
83,2009-01-01 14:00:00,-5.940000,-5.940000,-5.940000,0,block_end,end,0.20,spline_interpolation
84,2009-01-01 14:10:00,-5.840000,-5.840000,-5.840000,0,block_end,end,0.20,spline_interpolation
85,2009-01-01 14:20:00,-5.760000,-5.760000,-5.760000,0,block_end,end,0.20,spline_interpolation
86,2009-01-01 14:30:00,-5.750000,-5.750000,-5.750000,0,block_end,end,0.20,spline_interpolation
87,2009-01-01 14:40:00,-5.760000,-5.760000,-5.760000,0,block_end,end,0.20,spline_interpolation
88,2009-01-01 14:50:00,-5.730000,-5.730000,-5.730000,0,block_end,end,0.20,spline_interpolation
89,2009-01-01 15:00:00,-5.690000,-5.690000,-5.690000,0,block_end,end,0.20,spline_interpolation
90,2009-01-01 15:10:00,-5.530000,-5.530000,-5.530000,0,block_end,end,0.20,spline_interpolation
91,2009-01-01 15:20:00,-5.570000,-5.570000,-5.570000,0,block_end,end,0.20,spline_interpolation
92,2009-01-01 15:30:00,-5.430000,-5.430000,-5.430000,0,block_end,end,0.20,spline_interpolation
93,2009-01-01 15:40:00,-5.320000,-5.320000,-5.320000,0,block_end,end,0.20,spline_interpolation
94,2009-01-01 15:50:00,-5.360000,-5.360000,-5.360000,0,block_end,end,0.20,spline_interpolation
95,2009-01-01 16:00:00,-5.400000,-5.400000,-5.400000,0,block_end,end,0.20,spline_interpolation
96,2009-01-01 16:10:00,-5.310000,-5.310000,-5.310000,0,block_end,end,0.20,spline_interpolation
97,2009-01-01 16:20:00,-5.280000,-5.280000,-5.280000,0,block_end,end,0.20,spline_interpolation
98,2009-01-01 16:30:00,-5.320000,-5.320000,-5.320000,0,block_end,end,0.20,spline_interpolation
99,2009-01-01 16:40:00,-5.290000,-5.290000,-5.290000,0,block_end,end,0.20,spline_interpolation
100,2009-01-01 16:50:00,-5.330000,-5.330000,-5.330000,0,block_end,end,0.20,spline_interpolation
101,2009-01-01 17:00:00,-5.370000,-5.370000,-5.370000,0,block_end,end,0.20,spline_interpolation
102,2009-01-01 17:10:00,-5.430000,-5.430000,-5.430000,0,block_end,end,0.20,spline_interpolation
103,2009-01-01 17:20:00,-5.280000,-5.280000,-5.280000,0,block_end,end,0.20,spline_interpolation
104,2009-01-01 17:30:00,-5.210000,-5.210000,-5.210000,0,block_end,end,0.20,spline_interpolation
105,2009-01-01 17:40:00,-5.210000,-5.210000,-5.210000,0,block_end,end,0.20,spline_interpolation
106,2009-01-01 17:50:00,-5.240000,-5.240000,-5.240000,0,block_end,end,0.20,spline_interpolation
107,2009-01-01 18:00:00,-5.250000,-5.250000,-5.250000,0,block_end,end,0.20,spline_interpolation
108,2009-01-01 18:10:00,-5.160000,-5.160000,-5.160000,0,block_end,end,0.20,spline_interpolation
109,2009-01-01 18:20:00,-5.120000,-5.120000,-5.120000,0,block_end,end,0.20,spline_interpolation
110,2009-01-01 18:30:00,-5.040000,-5.040000,-5.040000,0,block_end,end,0.20,spline_interpolation
111,2009-01-01 18:40:00,-5.010000,-5.010000,-5.010000,0,block_end,end,0.20,spline_interpolation
112,2009-01-01 18:50:00,-5.120000,-5.120000,-5.120000,0,block_end,end,0.20,spline_interpolation
113,2009-01-01 19:00:00,-5.110000,-5.110000,-5.110000,0,block_end,end,0.20,spline_interpolation
114,2009-01-01 19:10:00,-4.900000,-4.900000,-4.900000,0,block_end,end,0.20,spline_interpolation
115,2009-01-01 19:20:00,-4.860000,-4.860000,-4.860000,0,block_end,end,0.20,spline_interpolation
116,2009-01-01 19:30:00,-4.900000,-4.900000,-4.900000,0,block_end,end,0.20,spline_interpolation
117,2009-01-01 19:40:00,-4.970000,-4.970000,-4.970000,0,block_end,end,0.20,spline_interpolation
118,2009-01-01 19:50:00,-4.990000,-4.990000,-4.990000,0,block_end,end,0.20,spline_interpolation
119,2009-01-01 20:00:00,-4.900000,-4.900000,-4.900000,0,block_end,end,0.20,spline_interpolation
120,2009-01-01 20:10:00,-4.930000,-4.930000,-4.930000,0,block_end,end,0.20,spline_interpolation
121,2009-01-01 20:20:00,-4.890000,-4.890000,-4.890000,0,block_end,end,0.20,spline_interpolation
122,2009-01-01 20:30:00,-4.930000,-4.930000,-4.930000,0,block_end,end,0.20,spline_interpolation
123,2009-01-01 20:40:00,-5.000000,-5.000000,-5.000000,0,block_end,end,0.20,spline_interpolation
124,2009-01-01 20:50:00,-4.900000,-4.900000,-4.900000,0,block_end,end,0.20,spline_interpolation
125,2009-01-01 21:00:00,-4.800000,-4.800000,-4.800000,0,block_end,end,0.20,spline_interpolation
126,2009-01-01 21:10:00,-4.840000,-4.840000,-4.840000,0,block_end,end,0.20,spline_interpolation
127,2009-01-01 21:20:00,-4.900000,-4.900000,-4.900000,0,block_end,end,0.20,spline_interpolation
128,2009-01-01 21:30:00,-4.860000,-4.860000,-4.860000,0,block_end,end,0.20,spline_interpolation
129,2009-01-01 21:40:00,-4.760000,-4.760000,-4.760000,0,block_end,end,0.20,spline_interpolation
130,2009-01-01 21:50:00,-4.610000,-4.610000,-4.610000,0,block_end,end,0.20,spline_interpolation
131,2009-01-01 22:00:00,-4.500000,-4.500000,-4.500000,0,block_end,end,0.20,spline_interpolation
132,2009-01-01 22:10:00,-4.410000,-4.410000,-4.410000,0,block_end,end,0.20,spline_interpolation
133,2009-01-01 22:20:00,-4.400000,-4.400000,-4.400000,0,block_end,end,0.20,spline_interpolation
134,2009-01-01 22:30:00,-4.320000,-4.320000,-4.320000,0,block_end,end,0.20,spline_interpolation
135,2009-01-01 22:40:00,-4.170000,-4.170000,-4.170000,0,block_end,end,0.20,spline_interpolation
136,2009-01-01 22:50:00,-4.300000,-4.300000,-4.300000,0,block_end,end,0.20,spline_interpolation
137,2009-01-01 23:00:00,-4.470000,-4.470000,-4.470000,0,block_end,end,0.20,spline_interpolation
138,2009-01-01 23:10:00,-4.500000,-4.500000,-4.500000,0,block_end,end,0.20,spline_interpolation
139,2009-01-01 23:20:00,-4.510000,-4.510000,-4.510000,0,block_end,end,0.20,spline_interpolation
140,2009-01-01 23:30:00,-4.330000,-4.330000,-4.330000,0,block_end,end,0.20,spline_interpolation
141,2009-01-01 23:40:00,-4.330000,-4.330000,-4.330000,0,block_end,end,0.20,spline_interpolation
142,2009-01-01 23:50:00,-4.580000,-4.580000,-4.580000,0,block_end,end,0.20,spline_interpolation
143,2009-01-02 00:00:00,-4.540000,-4.540000,-4.540000,0,block_end,end,0.20,spline_interpolation
144,2009-01-02 00:10:00,-4.600000,-4.600000,-4.600000,0,block_end,end,0.20,spline_interpolation
145,2009-01-02 00:20:00,-4.670000,-4.670000,-4.670000,0,block_end,end,0.20,spline_interpolation
146,2009-01-02 00:30:00,-4.660000,-4.660000,-4.660000,0,block_end,end,0.20,spline_interpolation
147,2009-01-02 00:40:00,-4.550000,-4.550000,-4.550000,0,block_end,end,0.20,spline_interpolation
148,2009-01-02 00:50:00,-4.430000,-4.430000,-4.430000,0,block_end,end,0.20,spline_interpolation
149,2009-01-02 01:00:00,-4.440000,-4.440000,-4.440000,0,block_end,end,0.20,spline_interpolation
150,2009-01-02 01:10:00,-4.390000,-4.390000,-4.390000,0,block_end,end,0.20,spline_interpolation
151,2009-01-02 01:20:00,-4.400000,-4.400000,-4.400000,0,block_end,end,0.20,spline_interpolation
152,2009-01-02 01:30:00,-4.400000,-4.400000,-4.400000,0,block_end,end,0.20,spline_interpolation
153,2009-01-02 01:40:00,-4.310000,-4.310000,-4.310000,0,block_end,end,0.20,spline_interpolation
154,2009-01-02 01:50:00,-4.260000,-4.260000,-4.260000,0,block_end,end,0.20,spline_interpolation
155,2009-01-02 02:00:00,-4.290000,-4.290000,-4.290000,0,block_end,end,0.20,spline_interpolation
156,2009-01-02 02:10:00,-4.260000,-4.260000,-4.260000,0,block_end,end,0.20,spline_interpolation
157,2009-01-02 02:20:00,-4.270000,-4.270000,-4.270000,0,block_end,end,0.20,spline_interpolation
158,2009-01-02 02:30:00,-4.300000,-4.300000,-4.300000,0,block_end,end,0.20,spline_interpolation
159,2009-01-02 02:40:00,-4.320000,-4.320000,-4.320000,0,block_end,end,0.20,spline_interpolation
160,2009-01-02 02:50:00,-4.390000,-4.390000,-4.390000,0,block_end,end,0.20,spline_interpolation
161,2009-01-02 03:00:00,-4.450000,-4.450000,-4.450000,0,block_end,end,0.20,spline_interpolation
162,2009-01-02 03:10:00,-4.500000,-4.500000,-4.500000,0,block_end,end,0.20,spline_interpolation
163,2009-01-02 03:20:00,-4.480000,-4.480000,-4.480000,0,block_end,end,0.20,spline_interpolation
164,2009-01-02 03:30:00,-4.430000,-4.430000,-4.430000,0,block_end,end,0.20,spline_interpolation
165,2009-01-02 03:40:00,-4.330000,-4.330000,-4.330000,0,block_end,end,0.20,spline_interpolation
166,2009-01-02 03:50:00,-4.410000,-4.410000,-4.410000,0,block_end,end,0.20,spline_interpolation
167,2009-01-02 04:00:00,-4.580000,-4.580000,-4.580000,0,block_end,end,0.20,spline_interpolation
168,2009-01-02 04:10:00,-4.630000,-4.630000,-4.630000,0,block_end,end,0.20,spline_interpolation
169,2009-01-02 04:20:00,-4.630000,-4.630000,-4.630000,0,block_end,end,0.20,spline_interpolation
170,2009-01-02 04:30:00,-4.740000,-4.740000,-4.740000,0,block_end,end,0.20,spline_interpolation
171,2009-01-02 04:40:00,-4.860000,-4.860000,-4.860000,0,block_end,end,0.20,spline_interpolation
172,2009-01-02 04:50:00,-4.970000,-4.970000,-4.970000,0,block_end,end,0.20,spline_interpolation
173,2009-01-02 05:00:00,-4.960000,-4.960000,-4.960000,0,block_end,end,0.20,spline_interpolation
174,2009-01-02 05:10:00,-4.940000,-4.940000,-4.940000,0,block_end,end,0.20,spline_interpolation
175,2009-01-02 05:20:00,-4.780000,-4.780000,-4.780000,0,block_end,end,0.20,spline_interpolation
176,2009-01-02 05:30:00,-4.630000,-4.630000,-4.630000,0,block_end,end,0.20,spline_interpolation
177,2009-01-02 05:40:00,-4.640000,-4.640000,-4.640000,0,block_end,end,0.20,spline_interpolation
178,2009-01-02 05:50:00,-4.670000,-4.670000,-4.670000,0,block_end,end,0.20,spline_interpolation
179,2009-01-02 06:00:00,-4.430000,-4.430000,-4.430000,0,block_end,end,0.20,spline_interpolation
180,2009-01-02 06:10:00,-4.380000,-4.380000,-4.380000,0,block_end,end,0.20,spline_interpolation
181,2009-01-02 06:20:00,-4.320000,-4.320000,-4.320000,0,block_end,end,0.20,spline_interpolation
182,2009-01-02 06:30:00,-4.250000,-4.250000,-4.250000,0,block_end,end,0.20,spline_interpolation
183,2009-01-02 06:40:00,-4.160000,-4.160000,-4.160000,0,block_end,end,0.20,spline_interpolation
184,2009-01-02 06:50:00,-4.260000,-4.260000,-4.260000,0,block_end,end,0.20,spline_interpolation
185,2009-01-02 07:00:00,-4.280000,-4.280000,-4.280000,0,block_end,end,0.20,spline_interpolation
186,2009-01-02 07:10:00,-4.340000,-4.340000,-4.340000,0,block_end,end,0.20,spline_interpolation
187,2009-01-02 07:20:00,-4.370000,-4.370000,-4.370000,0,block_end,end,0.20,spline_interpolation
188,2009-01-02 07:30:00,-4.330000,-4.330000,-4.330000,0,block_end,end,0.20,spline_interpolation
189,2009-01-02 07:40:00,-4.430000,-4.430000,-4.430000,0,block_end,end,0.20,spline_interpolation
190,2009-01-02 07:50:00,-4.390000,-4.390000,-4.390000,0,block_end,end,0.20,spline_interpolation
191,2009-01-02 08:00:00,-4.330000,-4.330000,-4.330000,0,block_end,end,0.20,spline_interpolation
192,2009-01-02 08:10:00,-4.370000,-4.370000,-4.370000,0,block_end,end,0.20,spline_interpolation
193,2009-01-02 08:20:00,-4.310000,-4.310000,-4.310000,0,block_end,end,0.20,spline_interpolation
194,2009-01-02 08:30:00,-4.300000,-4.300000,-4.300000,0,block_end,end,0.20,spline_interpolation
195,2009-01-02 08:40:00,-4.240000,-4.240000,-4.240000,0,block_end,end,0.20,spline_interpolation
196,2009-01-02 08:50:00,-4.170000,-4.170000,-4.170000,0,block_end,end,0.20,spline_interpolation
197,2009-01-02 09:00:00,-4.130000,-4.130000,-4.130000,0,block_end,end,0.20,spline_interpolation
198,2009-01-02 09:10:00,-4.070000,-4.070000,-4.070000,0,block_end,end,0.20,spline_interpolation
199,2009-01-02 09:20:00,-3.950000,-3.950000,-3.950000,0,block_end,end,0.20,spline_interpolation
200,2009-01-02 09:30:00,-3.900000,-3.900000,-3.900000,0,block_end,end,0.20,spline_interpolation
201,2009-01-02 09:40:00,-3.900000,-3.900000,-3.900000,0,block_end,end,0.20,spline_interpolation
202,2009-01-02 09:50:00,-3.920000,-3.920000,-3.920000,0,block_end,end,0.20,spline_interpolation
203,2009-01-02 10:00:00,-3.930000,-3.930000,-3.930000,0,block_end,end,0.20,spline_interpolation
204,2009-01-02 10:10:00,-3.970000,-3.970000,-3.970000,0,block_end,end,0.20,spline_interpolation
205,2009-01-02 10:20:00,-3.930000,-3.930000,-3.930000,0,block_end,end,0.20,spline_interpolation
206,2009-01-02 10:30:00,-3.900000,-3.900000,-3.900000,0,block_end,end,0.20,spline_interpolation
207,2009-01-02 10:40:00,-3.870000,-3.870000,-3.870000,0,block_end,end,0.20,spline_interpolation
208,2009-01-02 10:50:00,-3.740000,-3.740000,-3.740000,0,block_end,end,0.20,spline_interpolation
209,2009-01-02 11:00:00,-3.620000,-3.620000,-3.620000,0,block_end,end,0.20,spline_interpolation
210,2009-01-02 11:10:00,-3.490000,-3.490000,-3.490000,0,block_end,end,0.20,spline_interpolation
211,2009-01-02 11:20:00,-3.360000,-3.360000,-3.360000,0,block_end,end,0.20,spline_interpolation
212,2009-01-02 11:30:00,-3.210000,-3.210000,-3.210000,0,block_end,end,0.20,spline_interpolation
213,2009-01-02 11:40:00,-3.170000,-3.170000,-3.170000,0,block_end,end,0.20,spline_interpolation
214,2009-01-02 11:50:00,-3.020000,-3.020000,-3.020000,0,block_end,end,0.20,spline_interpolation
215,2009-01-02 12:00:00,-3.120000,-3.120000,-3.120000,0,block_end,end,0.20,spline_interpolation
216,2009-01-02 12:10:00,-3.070000,-3.070000,-3.070000,0,block_end,end,0.20,spline_interpolation
217,2009-01-02 12:20:00,-2.900000,-2.900000,-2.900000,0,block_end,end,0.20,spline_interpolation
218,2009-01-02 12:30:00,-2.810000,-2.810000,-2.810000,0,block_end,end,0.20,spline_interpolation
219,2009-01-02 12:40:00,-2.800000,-2.800000,-2.800000,0,block_end,end,0.20,spline_interpolation
220,2009-01-02 12:50:00,-2.640000,-2.640000,-2.640000,0,block_end,end,0.20,spline_interpolation
221,2009-01-02 13:00:00,-2.530000,-2.530000,-2.530000,0,block_end,end,0.20,spline_interpolation
222,2009-01-02 13:10:00,-2.540000,-2.540000,-2.540000,0,block_end,end,0.20,spline_interpolation
223,2009-01-02 13:20:00,-2.490000,-2.490000,-2.490000,0,block_end,end,0.20,spline_interpolation
224,2009-01-02 13:30:00,-2.260000,-2.260000,-2.260000,0,block_end,end,0.20,spline_interpolation
225,2009-01-02 13:40:00,-2.210000,-2.210000,-2.210000,0,block_end,end,0.20,spline_interpolation
226,2009-01-02 13:50:00,-2.410000,-2.410000,-2.410000,0,block_end,end,0.20,spline_interpolation
227,2009-01-02 14:00:00,-2.560000,-2.560000,-2.560000,0,block_end,end,0.20,spline_interpolation
228,2009-01-02 14:10:00,-2.620000,-2.620000,-2.620000,0,block_end,end,0.20,spline_interpolation
229,2009-01-02 14:20:00,-2.540000,-2.540000,-2.540000,0,block_end,end,0.20,spline_interpolation
230,2009-01-02 14:30:00,-2.140000,-2.140000,-2.140000,0,block_end,end,0.20,spline_interpolation
231,2009-01-02 14:40:00,-2.220000,-2.220000,-2.220000,0,block_end,end,0.20,spline_interpolation
232,2009-01-02 14:50:00,-2.180000,-2.180000,-2.180000,0,block_end,end,0.20,spline_interpolation
233,2009-01-02 15:00:00,-2.120000,-2.120000,-2.120000,0,block_end,end,0.20,spline_interpolation
234,2009-01-02 15:10:00,-2.310000,-2.310000,-2.310000,0,block_end,end,0.20,spline_interpolation
235,2009-01-02 15:20:00,-2.420000,-2.420000,-2.420000,0,block_end,end,0.20,spline_interpolation
236,2009-01-02 15:30:00,-2.470000,-2.470000,-2.470000,0,block_end,end,0.20,spline_interpolation
237,2009-01-02 15:40:00,-2.550000,-2.550000,-2.550000,0,block_end,end,0.20,spline_interpolation
238,2009-01-02 15:50:00,-2.650000,-2.650000,-2.650000,0,block_end,end,0.20,spline_interpolation
239,2009-01-02 16:00:00,-2.760000,-2.760000,-2.760000,0,block_end,end,0.20,spline_interpolation
240,2009-01-02 16:10:00,-2.810000,-2.810000,-2.810000,0,block_end,end,0.20,spline_interpolation
241,2009-01-02 16:20:00,-2.830000,-2.830000,-2.830000,0,block_end,end,0.20,spline_interpolation
242,2009-01-02 16:30:00,-2.840000,-2.840000,-2.840000,0,block_end,end,0.20,spline_interpolation
243,2009-01-02 16:40:00,-2.830000,-2.830000,-2.830000,0,block_end,end,0.20,spline_interpolation
244,2009-01-02 16:50:00,-2.840000,-2.840000,-2.840000,0,block_end,end,0.20,spline_interpolation
245,2009-01-02 17:00:00,-2.880000,-2.880000,-2.880000,0,block_end,end,0.20,spline_interpolation
246,2009-01-02 17:10:00,-2.960000,-2.960000,-2.960000,0,block_end,end,0.20,spline_interpolation
247,2009-01-02 17:20:00,-2.960000,-2.960000,-2.960000,0,block_end,end,0.20,spline_interpolation
248,2009-01-02 17:30:00,-2.970000,-2.970000,-2.970000,0,block_end,end,0.20,spline_interpolation
249,2009-01-02 17:40:00,-3.030000,-3.030000,-3.030000,0,block_end,end,0.20,spline_interpolation
250,2009-01-02 17:50:00,-3.050000,-3.050000,-3.050000,0,block_end,end,0.20,spline_interpolation
251,2009-01-02 18:00:00,-3.070000,-3.070000,-3.070000,0,block_end,end,0.20,spline_interpolation
252,2009-01-02 18:10:00,-3.160000,-3.160000,-3.160000,0,block_end,end,0.20,spline_interpolation
253,2009-01-02 18:20:00,-3.200000,-3.200000,-3.200000,0,block_end,end,0.20,spline_interpolation
254,2009-01-02 18:30:00,-3.230000,-3.230000,-3.230000,0,block_end,end,0.20,spline_interpolation
255,2009-01-02 18:40:00,-3.290000,-3.290000,-3.290000,0,block_end,end,0.20,spline_interpolation
256,2009-01-02 18:50:00,-3.300000,-3.300000,-3.300000,0,block_end,end,0.20,spline_interpolation
257,2009-01-02 19:00:00,-3.340000,-3.340000,-3.340000,0,block_end,end,0.20,spline_interpolation
258,2009-01-02 19:10:00,-3.360000,-3.360000,-3.360000,0,block_end,end,0.20,spline_interpolation
259,2009-01-02 19:20:00,-3.360000,-3.360000,-3.360000,0,block_end,end,0.20,spline_interpolation
260,2009-01-02 19:30:00,-3.360000,-3.360000,-3.360000,0,block_end,end,0.20,spline_interpolation
261,2009-01-02 19:40:00,-3.360000,-3.360000,-3.360000,0,block_end,end,0.20,spline_interpolation
262,2009-01-02 19:50:00,-3.310000,-3.310000,-3.310000,0,block_end,end,0.20,spline_interpolation
263,2009-01-02 20:00:00,-3.300000,-3.300000,-3.300000,0,block_end,end,0.20,spline_interpolation
264,2009-01-02 20:10:00,-3.280000,-3.280000,-3.280000,0,block_end,end,0.20,spline_interpolation
265,2009-01-02 20:20:00,-3.360000,-3.360000,-3.360000,0,block_end,end,0.20,spline_interpolation
266,2009-01-02 20:30:00,-3.360000,-3.360000,-3.360000,0,block_end,end,0.20,spline_interpolation
267,2009-01-02 20:40:00,-3.360000,-3.360000,-3.360000,0,block_end,end,0.20,spline_interpolation
268,2009-01-02 20:50:00,-3.430000,-3.430000,-3.430000,0,block_end,end,0.20,spline_interpolation
269,2009-01-02 21:00:00,-3.490000,-3.490000,-3.490000,0,block_end,end,0.20,spline_interpolation
270,2009-01-02 21:10:00,-3.500000,-3.500000,-3.500000,0,block_end,end,0.20,spline_interpolation
271,2009-01-02 21:20:00,-3.520000,-3.520000,-3.520000,0,block_end,end,0.20,spline_interpolation
272,2009-01-02 21:30:00,-3.660000,-3.660000,-3.660000,0,block_end,end,0.20,spline_interpolation
273,2009-01-02 21:40:00,-3.800000,-3.800000,-3.800000,0,block_end,end,0.20,spline_interpolation
274,2009-01-02 21:50:00,-3.940000,-3.940000,-3.940000,0,block_end,end,0.20,spline_interpolation
275,2009-01-02 22:00:00,-4.020000,-4.020000,-4.020000,0,block_end,end,0.20,spline_interpolation
276,2009-01-02 22:10:00,-4.060000,-4.060000,-4.060000,0,block_end,end,0.20,spline_interpolation
277,2009-01-02 22:20:00,-4.200000,-4.200000,-4.200000,0,block_end,end,0.20,spline_interpolation
278,2009-01-02 22:30:00,-4.340000,-4.340000,-4.340000,0,block_end,end,0.20,spline_interpolation
279,2009-01-02 22:40:00,-4.300000,-4.300000,-4.300000,0,block_end,end,0.20,spline_interpolation
280,2009-01-02 22:50:00,-4.350000,-4.350000,-4.350000,0,block_end,end,0.20,spline_interpolation
281,2009-01-02 23:00:00,-4.380000,-4.380000,-4.380000,0,block_end,end,0.20,spline_interpolation
282,2009-01-02 23:10:00,-4.450000,-4.450000,-4.450000,0,block_end,end,0.20,spline_interpolation
283,2009-01-02 23:20:00,-4.530000,-4.530000,-4.530000,0,block_end,end,0.20,spline_interpolation
284,2009-01-02 23:30:00,-4.570000,-4.570000,-4.570000,0,block_end,end,0.20,spline_interpolation
285,2009-01-02 23:40:00,-4.560000,-4.560000,-4.560000,0,block_end,end,0.20,spline_interpolation
286,2009-01-02 23:50:00,-4.590000,-4.590000,-4.590000,0,block_end,end,0.20,spline_interpolation
287,2009-01-03 00:00:00,-4.710000,-4.710000,-4.710000,0,block_end,end,0.20,spline_interpolation
288,2009-01-03 00:10:00,-4.890000,-4.890000,-4.890000,0,block_end,end,0.20,spline_interpolation
289,2009-01-03 00:20:00,-5.200000,-5.200000,-5.200000,0,block_end,end,0.20,spline_interpolation
290,2009-01-03 00:30:00,-5.480000,-5.480000,-5.480000,0,block_end,end,0.20,spline_interpolation
291,2009-01-03 00:40:00,-5.500000,-5.500000,-5.500000,0,block_end,end,0.20,spline_interpolation
292,2009-01-03 00:50:00,-5.430000,-5.430000,-5.430000,0,block_end,end,0.20,spline_interpolation
293,2009-01-03 01:00:00,-5.280000,-5.280000,-5.280000,0,block_end,end,0.20,spline_interpolation
294,2009-01-03 01:10:00,-5.390000,-5.390000,-5.390000,0,block_end,end,0.20,spline_interpolation
295,2009-01-03 01:20:00,-5.660000,-5.660000,-5.660000,0,block_end,end,0.20,spline_interpolation
296,2009-01-03 01:30:00,-5.700000,-5.700000,-5.700000,0,block_end,end,0.20,spline_interpolation
297,2009-01-03 01:40:00,-5.890000,-5.890000,-5.890000,0,block_end,end,0.20,spline_interpolation
298,2009-01-03 01:50:00,-6.080000,-6.080000,-6.080000,0,block_end,end,0.20,spline_interpolation
299,2009-01-03 02:00:00,-6.230000,-6.230000,-6.230000,0,block_end,end,0.20,spline_interpolation
300,2009-01-03 02:10:00,-6.380000,-6.380000,-6.380000,0,block_end,end,0.20,spline_interpolation
301,2009-01-03 02:20:00,-6.550000,-6.550000,-6.550000,0,block_end,end,0.20,spline_interpolation
302,2009-01-03 02:30:00,-6.410000,-6.410000,-6.410000,0,block_end,end,0.20,spline_interpolation
303,2009-01-03 02:40:00,-6.120000,-6.120000,-6.120000,0,block_end,end,0.20,spline_interpolation
304,2009-01-03 02:50:00,-6.010000,-6.010000,-6.010000,0,block_end,end,0.20,spline_interpolation
305,2009-01-03 03:00:00,-6.130000,-6.130000,-6.130000,0,block_end,end,0.20,spline_interpolation
306,2009-01-03 03:10:00,-6.360000,-6.360000,-6.360000,0,block_end,end,0.20,spline_interpolation
307,2009-01-03 03:20:00,-6.480000,-6.480000,-6.480000,0,block_end,end,0.20,spline_interpolation
308,2009-01-03 03:30:00,-6.460000,-6.460000,-6.460000,0,block_end,end,0.20,spline_interpolation
309,2009-01-03 03:40:00,-6.330000,-6.330000,-6.330000,0,block_end,end,0.20,spline_interpolation
310,2009-01-03 03:50:00,-6.390000,-6.390000,-6.390000,0,block_end,end,0.20,spline_interpolation
311,2009-01-03 04:00:00,-6.210000,-6.210000,-6.210000,0,block_end,end,0.20,spline_interpolation
312,2009-01-03 04:10:00,-6.170000,-6.170000,-6.170000,0,block_end,end,0.20,spline_interpolation
313,2009-01-03 04:20:00,-6.250000,-6.250000,-6.250000,0,block_end,end,0.20,spline_interpolation
314,2009-01-03 04:30:00,-6.300000,-6.300000,-6.300000,0,block_end,end,0.20,spline_interpolation
315,2009-01-03 04:40:00,-6.490000,-6.490000,-6.490000,0,block_end,end,0.20,spline_interpolation
316,2009-01-03 04:50:00,-6.640000,-6.640000,-6.640000,0,block_end,end,0.20,spline_interpolation
317,2009-01-03 05:00:00,-7.020000,-7.020000,-7.020000,0,block_end,end,0.20,spline_interpolation
318,2009-01-03 05:10:00,-7.190000,-7.190000,-7.190000,0,block_end,end,0.20,spline_interpolation
319,2009-01-03 05:20:00,-7.350000,-7.350000,-7.350000,0,block_end,end,0.20,spline_interpolation
320,2009-01-03 05:30:00,-7.540000,-7.540000,-7.540000,0,block_end,end,0.20,spline_interpolation
321,2009-01-03 05:40:00,-7.800000,-7.800000,-7.800000,0,block_end,end,0.20,spline_interpolation
322,2009-01-03 05:50:00,-7.960000,-7.960000,-7.960000,0,block_end,end,0.20,spline_interpolation
323,2009-01-03 06:00:00,-8.200000,-8.200000,-8.200000,0,block_end,end,0.20,spline_interpolation
324,2009-01-03 06:10:00,-8.140000,-8.140000,-8.140000,0,block_end,end,0.20,spline_interpolation
325,2009-01-03 06:20:00,-7.920000,-7.920000,-7.920000,0,block_end,end,0.20,spline_interpolation
326,2009-01-03 06:30:00,-7.890000,-7.890000,-7.890000,0,block_end,end,0.20,spline_interpolation
327,2009-01-03 06:40:00,-7.970000,-7.970000,-7.970000,0,block_end,end,0.20,spline_interpolation
328,2009-01-03 06:50:00,-8.100000,-8.100000,-8.100000,0,block_end,end,0.20,spline_interpolation
329,2009-01-03 07:00:00,-8.480000,-8.480000,-8.480000,0,block_end,end,0.20,spline_interpolation
330,2009-01-03 07:10:00,-8.630000,-8.630000,-8.630000,0,block_end,end,0.20,spline_interpolation
331,2009-01-03 07:20:00,-8.610000,-8.610000,-8.610000,0,block_end,end,0.20,spline_interpolation
332,2009-01-03 07:30:00,-8.610000,-8.610000,-8.610000,0,block_end,end,0.20,spline_interpolation
333,2009-01-03 07:40:00,-8.850000,-8.850000,-8.850000,0,block_end,end,0.20,spline_interpolation
334,2009-01-03 07:50:00,-9.180000,-9.180000,-9.180000,0,block_end,end,0.20,spline_interpolation
335,2009-01-03 08:00:00,-9.280000,-9.280000,-9.280000,0,block_end,end,0.20,spline_interpolation
336,2009-01-03 08:10:00,-9.450000,-9.450000,-9.450000,0,block_end,end,0.20,spline_interpolation
337,2009-01-03 08:20:00,-9.810000,-9.810000,-9.810000,0,block_end,end,0.20,spline_interpolation
338,2009-01-03 08:30:00,-9.850000,-9.850000,-9.850000,0,block_end,end,0.20,spline_interpolation
339,2009-01-03 08:40:00,-9.710000,-9.710000,-9.710000,0,block_end,end,0.20,spline_interpolation
340,2009-01-03 08:50:00,-9.400000,-9.400000,-9.400000,0,block_end,end,0.20,spline_interpolation
341,2009-01-03 09:00:00,-9.460000,-9.460000,-9.460000,0,block_end,end,0.20,spline_interpolation
342,2009-01-03 09:10:00,-10.000000,-10.000000,-10.000000,0,block_end,end,0.20,spline_interpolation
343,2009-01-03 09:20:00,-9.930000,-9.930000,-9.930000,0,block_end,end,0.20,spline_interpolation
344,2009-01-03 09:30:00,-9.300000,-9.300000,-9.300000,0,block_end,end,0.20,spline_interpolation
345,2009-01-03 09:40:00,-8.830000,-8.830000,-8.830000,0,block_end,end,0.20,spline_interpolation
346,2009-01-03 09:50:00,-8.480000,-8.480000,-8.480000,0,block_end,end,0.20,spline_interpolation
347,2009-01-03 10:00:00,-8.530000,-8.530000,-8.530000,0,block_end,end,0.20,spline_interpolation
348,2009-01-03 10:10:00,-8.560000,-8.560000,-8.560000,0,block_end,end,0.20,spline_interpolation
349,2009-01-03 10:20:00,-8.470000,-8.470000,-8.470000,0,block_end,end,0.20,spline_interpolation
350,2009-01-03 10:30:00,-8.510000,-8.510000,-8.510000,0,block_end,end,0.20,spline_interpolation
351,2009-01-03 10:40:00,-8.410000,-8.410000,-8.410000,0,block_end,end,0.20,spline_interpolation
352,2009-01-03 10:50:00,-8.160000,-8.160000,-8.160000,0,block_end,end,0.20,spline_interpolation
353,2009-01-03 11:00:00,-7.870000,-7.870000,-7.870000,0,block_end,end,0.20,spline_interpolation
354,2009-01-03 11:10:00,-7.520000,-7.520000,-7.520000,0,block_end,end,0.20,spline_interpolation
355,2009-01-03 11:20:00,-7.290000,-7.290000,-7.290000,0,block_end,end,0.20,spline_interpolation
356,2009-01-03 11:30:00,-6.890000,-6.890000,-6.890000,0,block_end,end,0.20,spline_interpolation
357,2009-01-03 11:40:00,-6.560000,-6.560000,-6.560000,0,block_end,end,0.20,spline_interpolation
358,2009-01-03 11:50:00,-6.320000,-6.320000,-6.320000,0,block_end,end,0.20,spline_interpolation
359,2009-01-03 12:00:00,-5.960000,-5.960000,-5.960000,0,block_end,end,0.20,spline_interpolation
360,2009-01-03 12:10:00,-5.780000,-5.780000,-5.780000,0,block_end,end,0.20,spline_interpolation
361,2009-01-03 12:20:00,-5.150000,-5.150000,-5.150000,0,block_end,end,0.20,spline_interpolation
362,2009-01-03 12:30:00,-4.340000,-4.340000,-4.340000,0,block_end,end,0.20,spline_interpolation
363,2009-01-03 12:40:00,-3.770000,-3.770000,-3.770000,0,block_end,end,0.20,spline_interpolation
364,2009-01-03 12:50:00,-3.270000,-3.270000,-3.270000,0,block_end,end,0.20,spline_interpolation
365,2009-01-03 13:00:00,-2.820000,-2.820000,-2.820000,0,block_end,end,0.20,spline_interpolation
366,2009-01-03 13:10:00,-2.230000,-2.230000,-2.230000,0,block_end,end,0.20,spline_interpolation
367,2009-01-03 13:20:00,-2.370000,-2.370000,-2.370000,0,block_end,end,0.20,spline_interpolation
368,2009-01-03 13:30:00,-2.110000,-2.110000,-2.110000,0,block_end,end,0.20,spline_interpolation
369,2009-01-03 13:40:00,-1.660000,-1.660000,-1.660000,0,block_end,end,0.20,spline_interpolation
370,2009-01-03 13:50:00,-1.430000,-1.430000,-1.430000,0,block_end,end,0.20,spline_interpolation
371,2009-01-03 14:00:00,-2.150000,-2.150000,-2.150000,0,block_end,end,0.20,spline_interpolation
372,2009-01-03 14:10:00,-2.740000,-2.740000,-2.740000,0,block_end,end,0.20,spline_interpolation
373,2009-01-03 14:20:00,-2.290000,-2.290000,-2.290000,0,block_end,end,0.20,spline_interpolation
374,2009-01-03 14:30:00,-1.660000,-1.660000,-1.660000,0,block_end,end,0.20,spline_interpolation
375,2009-01-03 14:40:00,-1.520000,-1.520000,-1.520000,0,block_end,end,0.20,spline_interpolation
376,2009-01-03 14:50:00,-0.900000,-0.900000,-0.900000,0,block_end,end,0.20,spline_interpolation
377,2009-01-03 15:00:00,-0.820000,-0.820000,-0.820000,0,block_end,end,0.20,spline_interpolation
378,2009-01-03 15:10:00,-1.370000,-1.370000,-1.370000,0,block_end,end,0.20,spline_interpolation
379,2009-01-03 15:20:00,-1.910000,-1.910000,-1.910000,0,block_end,end,0.20,spline_interpolation
380,2009-01-03 15:30:00,-2.280000,-2.280000,-2.280000,0,block_end,end,0.20,spline_interpolation
381,2009-01-03 15:40:00,-2.240000,-2.240000,-2.240000,0,block_end,end,0.20,spline_interpolation
382,2009-01-03 15:50:00,-2.320000,-2.320000,-2.320000,0,block_end,end,0.20,spline_interpolation
383,2009-01-03 16:00:00,-2.800000,-2.800000,-2.800000,0,block_end,end,0.20,spline_interpolation
384,2009-01-03 16:10:00,-3.640000,-3.640000,-3.640000,0,block_end,end,0.20,spline_interpolation
385,2009-01-03 16:20:00,-3.980000,-3.980000,-3.980000,0,block_end,end,0.20,spline_interpolation
386,2009-01-03 16:30:00,-4.180000,-4.180000,-4.180000,0,block_end,end,0.20,spline_interpolation
387,2009-01-03 16:40:00,-4.350000,-4.350000,-4.350000,0,block_end,end,0.20,spline_interpolation
388,2009-01-03 16:50:00,-4.520000,-4.520000,-4.520000,0,block_end,end,0.20,spline_interpolation
389,2009-01-03 17:00:00,-4.690000,-4.690000,-4.690000,0,block_end,end,0.20,spline_interpolation
390,2009-01-03 17:10:00,-4.630000,-4.630000,-4.630000,0,block_end,end,0.20,spline_interpolation
391,2009-01-03 17:20:00,-4.600000,-4.600000,-4.600000,0,block_end,end,0.20,spline_interpolation
392,2009-01-03 17:30:00,-4.310000,-4.310000,-4.310000,0,block_end,end,0.20,spline_interpolation
393,2009-01-03 17:40:00,-4.180000,-4.180000,-4.180000,0,block_end,end,0.20,spline_interpolation
394,2009-01-03 17:50:00,-4.160000,-4.160000,-4.160000,0,block_end,end,0.20,spline_interpolation
395,2009-01-03 18:00:00,-4.080000,-4.080000,-4.080000,0,block_end,end,0.20,spline_interpolation
396,2009-01-03 18:10:00,-3.980000,-3.980000,-3.980000,0,block_end,end,0.20,spline_interpolation
397,2009-01-03 18:20:00,-3.910000,-3.910000,-3.910000,0,block_end,end,0.20,spline_interpolation
398,2009-01-03 18:30:00,-3.900000,-3.900000,-3.900000,0,block_end,end,0.20,spline_interpolation
399,2009-01-03 18:40:00,-3.900000,-3.900000,-3.900000,0,block_end,end,0.20,spline_interpolation
400,2009-01-03 18:50:00,-3.870000,-3.870000,-3.870000,0,block_end,end,0.20,spline_interpolation
401,2009-01-03 19:00:00,-3.780000,-3.780000,-3.780000,0,block_end,end,0.20,spline_interpolation
402,2009-01-03 19:10:00,-3.770000,-3.770000,-3.770000,0,block_end,end,0.20,spline_interpolation
403,2009-01-03 19:20:00,-3.950000,-3.950000,-3.950000,0,block_end,end,0.20,spline_interpolation
404,2009-01-03 19:30:00,-3.900000,-3.900000,-3.900000,0,block_end,end,0.20,spline_interpolation
405,2009-01-03 19:40:00,-3.750000,-3.750000,-3.750000,0,block_end,end,0.20,spline_interpolation
406,2009-01-03 19:50:00,-3.810000,-3.810000,-3.810000,0,block_end,end,0.20,spline_interpolation
407,2009-01-03 20:00:00,-3.840000,-3.840000,-3.840000,0,block_end,end,0.20,spline_interpolation
408,2009-01-03 20:10:00,-3.880000,-3.880000,-3.880000,0,block_end,end,0.20,spline_interpolation
409,2009-01-03 20:20:00,-3.670000,-3.670000,-3.670000,0,block_end,end,0.20,spline_interpolation
410,2009-01-03 20:30:00,-3.300000,-3.300000,-3.300000,0,block_end,end,0.20,spline_interpolation
411,2009-01-03 20:40:00,-3.340000,-3.340000,-3.340000,0,block_end,end,0.20,spline_interpolation
412,2009-01-03 20:50:00,-3.240000,-3.240000,-3.240000,0,block_end,end,0.20,spline_interpolation
413,2009-01-03 21:00:00,-3.150000,-3.150000,-3.150000,0,block_end,end,0.20,spline_interpolation
414,2009-01-03 21:10:00,-3.070000,-3.070000,-3.070000,0,block_end,end,0.20,spline_interpolation
415,2009-01-03 21:20:00,-2.930000,-2.930000,-2.930000,0,block_end,end,0.20,spline_interpolation
416,2009-01-03 21:30:00,-2.780000,-2.780000,-2.780000,0,block_end,end,0.20,spline_interpolation
417,2009-01-03 21:40:00,-2.760000,-2.760000,-2.760000,0,block_end,end,0.20,spline_interpolation
418,2009-01-03 21:50:00,-2.760000,-2.760000,-2.760000,0,block_end,end,0.20,spline_interpolation
419,2009-01-03 22:00:00,-2.760000,-2.760000,-2.760000,0,block_end,end,0.20,spline_interpolation
420,2009-01-03 22:10:00,-2.710000,-2.710000,-2.710000,0,block_end,end,0.20,spline_interpolation
421,2009-01-03 22:20:00,-2.670000,-2.670000,-2.670000,0,block_end,end,0.20,spline_interpolation
422,2009-01-03 22:30:00,-2.690000,-2.690000,-2.690000,0,block_end,end,0.20,spline_interpolation
423,2009-01-03 22:40:00,-2.700000,-2.700000,-2.700000,0,block_end,end,0.20,spline_interpolation
424,2009-01-03 22:50:00,-2.640000,-2.640000,-2.640000,0,block_end,end,0.20,spline_interpolation
425,2009-01-03 23:00:00,-2.580000,-2.580000,-2.580000,0,block_end,end,0.20,spline_interpolation
426,2009-01-03 23:10:00,-2.460000,-2.460000,-2.460000,0,block_end,end,0.20,spline_interpolation
427,2009-01-03 23:20:00,-2.330000,-2.330000,-2.330000,0,block_end,end,0.20,spline_interpolation
428,2009-01-03 23:30:00,-2.120000,-2.120000,-2.120000,0,block_end,end,0.20,spline_interpolation
429,2009-01-03 23:40:00,-1.970000,-1.970000,-1.970000,0,block_end,end,0.20,spline_interpolation
430,2009-01-03 23:50:00,-1.900000,-1.900000,-1.900000,0,block_end,end,0.20,spline_interpolation
431,2009-01-04 00:00:00,-1.900000,-1.900000,-1.900000,0,block_end,end,0.20,spline_interpolation
432,2009-01-04 00:10:00,-1.830000,-1.830000,-1.830000,0,block_end,end,0.20,spline_interpolation
433,2009-01-04 00:20:00,-1.700000,-1.700000,-1.700000,0,block_end,end,0.20,spline_interpolation
434,2009-01-04 00:30:00,-1.600000,-1.600000,-1.600000,0,block_end,end,0.20,spline_interpolation
435,2009-01-04 00:40:00,-1.550000,-1.550000,-1.550000,0,block_end,end,0.20,spline_interpolation
436,2009-01-04 00:50:00,-1.460000,-1.460000,-1.460000,0,block_end,end,0.20,spline_interpolation
437,2009-01-04 01:00:00,-1.420000,-1.420000,-1.420000,0,block_end,end,0.20,spline_interpolation
438,2009-01-04 01:10:00,-1.490000,-1.490000,-1.490000,0,block_end,end,0.20,spline_interpolation
439,2009-01-04 01:20:00,-2.010000,-2.010000,-2.010000,0,block_end,end,0.20,spline_interpolation
440,2009-01-04 01:30:00,-2.320000,-2.320000,-2.320000,0,block_end,end,0.20,spline_interpolation
441,2009-01-04 01:40:00,-2.370000,-2.370000,-2.370000,0,block_end,end,0.20,spline_interpolation
442,2009-01-04 01:50:00,-2.320000,-2.320000,-2.320000,0,block_end,end,0.20,spline_interpolation
443,2009-01-04 02:00:00,-2.220000,-2.220000,-2.220000,0,block_end,end,0.20,spline_interpolation
444,2009-01-04 02:10:00,-2.090000,-2.090000,-2.090000,0,block_end,end,0.20,spline_interpolation
445,2009-01-04 02:20:00,-2.040000,-2.040000,-2.040000,0,block_end,end,0.20,spline_interpolation
446,2009-01-04 02:30:00,-2.250000,-2.250000,-2.250000,0,block_end,end,0.20,spline_interpolation
447,2009-01-04 02:40:00,-2.540000,-2.540000,-2.540000,0,block_end,end,0.20,spline_interpolation
448,2009-01-04 02:50:00,-2.260000,-2.260000,-2.260000,0,block_end,end,0.20,spline_interpolation
449,2009-01-04 03:00:00,-2.200000,-2.200000,-2.200000,0,block_end,end,0.20,spline_interpolation
450,2009-01-04 03:10:00,-2.160000,-2.160000,-2.160000,0,block_end,end,0.20,spline_interpolation
451,2009-01-04 03:20:00,-2.050000,-2.050000,-2.050000,0,block_end,end,0.20,spline_interpolation
452,2009-01-04 03:30:00,-1.900000,-1.900000,-1.900000,0,block_end,end,0.20,spline_interpolation
453,2009-01-04 03:40:00,-1.790000,-1.790000,-1.790000,0,block_end,end,0.20,spline_interpolation
454,2009-01-04 03:50:00,-1.790000,-1.790000,-1.790000,0,block_end,end,0.20,spline_interpolation
455,2009-01-04 04:00:00,-1.880000,-1.880000,-1.880000,0,block_end,end,0.20,spline_interpolation
456,2009-01-04 04:10:00,-1.870000,-1.870000,-1.870000,0,block_end,end,0.20,spline_interpolation
457,2009-01-04 04:20:00,-1.780000,-1.780000,-1.780000,0,block_end,end,0.20,spline_interpolation
458,2009-01-04 04:30:00,-1.660000,-1.660000,-1.660000,0,block_end,end,0.20,spline_interpolation
459,2009-01-04 04:40:00,-1.640000,-1.640000,-1.640000,0,block_end,end,0.20,spline_interpolation
460,2009-01-04 04:50:00,-1.640000,-1.640000,-1.640000,0,block_end,end,0.20,spline_interpolation
461,2009-01-04 05:00:00,-1.640000,-1.640000,-1.640000,0,block_end,end,0.20,spline_interpolation
462,2009-01-04 05:10:00,-1.500000,-1.500000,-1.500000,0,block_end,end,0.20,spline_interpolation
463,2009-01-04 05:20:00,-1.440000,-1.440000,-1.440000,0,block_end,end,0.20,spline_interpolation
464,2009-01-04 05:30:00,-1.470000,-1.470000,-1.470000,0,block_end,end,0.20,spline_interpolation
465,2009-01-04 05:40:00,-1.490000,-1.490000,-1.490000,0,block_end,end,0.20,spline_interpolation
466,2009-01-04 05:50:00,-1.440000,-1.440000,-1.440000,0,block_end,end,0.20,spline_interpolation
467,2009-01-04 06:00:00,-1.440000,-1.440000,-1.440000,0,block_end,end,0.20,spline_interpolation
468,2009-01-04 06:10:00,-1.440000,-1.440000,-1.440000,0,block_end,end,0.20,spline_interpolation
469,2009-01-04 06:20:00,-1.390000,-1.390000,-1.390000,0,block_end,end,0.20,spline_interpolation
470,2009-01-04 06:30:00,-1.330000,-1.330000,-1.330000,0,block_end,end,0.20,spline_interpolation
471,2009-01-04 06:40:00,-1.250000,-1.250000,-1.250000,0,block_end,end,0.20,spline_interpolation
472,2009-01-04 06:50:00,-1.140000,-1.140000,-1.140000,0,block_end,end,0.20,spline_interpolation
473,2009-01-04 07:00:00,-1.090000,-1.090000,-1.090000,0,block_end,end,0.20,spline_interpolation
474,2009-01-04 07:10:00,-1.000000,-1.000000,-1.000000,0,block_end,end,0.20,spline_interpolation
475,2009-01-04 07:20:00,-0.920000,-0.920000,-0.920000,0,block_end,end,0.20,spline_interpolation
476,2009-01-04 07:30:00,-0.900000,-0.900000,-0.900000,0,block_end,end,0.20,spline_interpolation
477,2009-01-04 07:40:00,-0.860000,-0.860000,-0.860000,0,block_end,end,0.20,spline_interpolation
478,2009-01-04 07:50:00,-0.900000,-0.900000,-0.900000,0,block_end,end,0.20,spline_interpolation
479,2009-01-04 08:00:00,-0.890000,-0.890000,-0.890000,0,block_end,end,0.20,spline_interpolation
480,2009-01-04 08:10:00,-0.810000,-0.810000,-0.810000,0,block_end,end,0.20,spline_interpolation
481,2009-01-04 08:20:00,-0.760000,-0.760000,-0.760000,0,block_end,end,0.20,spline_interpolation
482,2009-01-04 08:30:00,-0.700000,-0.700000,-0.700000,0,block_end,end,0.20,spline_interpolation
483,2009-01-04 08:40:00,-0.700000,-0.700000,-0.700000,0,block_end,end,0.20,spline_interpolation
484,2009-01-04 08:50:00,-0.760000,-0.760000,-0.760000,0,block_end,end,0.20,spline_interpolation
485,2009-01-04 09:00:00,-0.720000,-0.720000,-0.720000,0,block_end,end,0.20,spline_interpolation
486,2009-01-04 09:10:00,-0.900000,-0.900000,-0.900000,0,block_end,end,0.20,spline_interpolation
487,2009-01-04 09:20:00,-1.210000,-1.210000,-1.210000,0,block_end,end,0.20,spline_interpolation
488,2009-01-04 09:30:00,-1.310000,-1.310000,-1.310000,0,block_end,end,0.20,spline_interpolation
489,2009-01-04 09:40:00,-1.370000,-1.370000,-1.370000,0,block_end,end,0.20,spline_interpolation
490,2009-01-04 09:50:00,-1.370000,-1.370000,-1.370000,0,block_end,end,0.20,spline_interpolation
491,2009-01-04 10:00:00,-1.370000,-1.370000,-1.370000,0,block_end,end,0.20,spline_interpolation
492,2009-01-04 10:10:00,-1.300000,-1.300000,-1.300000,0,block_end,end,0.20,spline_interpolation
493,2009-01-04 10:20:00,-1.200000,-1.200000,-1.200000,0,block_end,end,0.20,spline_interpolation
494,2009-01-04 10:30:00,-1.140000,-1.140000,-1.140000,0,block_end,end,0.20,spline_interpolation
495,2009-01-04 10:40:00,-1.100000,-1.100000,-1.100000,0,block_end,end,0.20,spline_interpolation
496,2009-01-04 10:50:00,-1.100000,-1.100000,-1.100000,0,block_end,end,0.20,spline_interpolation
497,2009-01-04 11:00:00,-1.100000,-1.100000,-1.100000,0,block_end,end,0.20,spline_interpolation
498,2009-01-04 11:10:00,-1.120000,-1.120000,-1.120000,0,block_end,end,0.20,spline_interpolation
499,2009-01-04 11:20:00,-1.110000,-1.110000,-1.110000,0,block_end,end,0.20,spline_interpolation
500,2009-01-04 11:30:00,-1.100000,-1.100000,-1.100000,0,block_end,end,0.20,spline_interpolation
501,2009-01-04 11:40:00,-1.160000,-1.160000,-1.160000,0,block_end,end,0.20,spline_interpolation
502,2009-01-04 11:50:00,-1.170000,-1.170000,-1.170000,0,block_end,end,0.20,spline_interpolation
503,2009-01-04 12:00:00,-1.210000,-1.210000,-1.210000,0,block_end,end,0.20,spline_interpolation
504,2009-01-04 12:10:00,-1.120000,-1.120000,-1.120000,0,block_end,end,0.20,spline_interpolation
505,2009-01-04 12:20:00,-0.990000,-0.990000,-0.990000,0,block_end,end,0.20,spline_interpolation
506,2009-01-04 12:30:00,-0.940000,-0.940000,-0.940000,0,block_end,end,0.20,spline_interpolation
507,2009-01-04 12:40:00,-0.860000,-0.860000,-0.860000,0,block_end,end,0.20,spline_interpolation
508,2009-01-04 12:50:00,-0.920000,-0.920000,-0.920000,0,block_end,end,0.20,spline_interpolation
509,2009-01-04 13:00:00,-1.020000,-1.020000,-1.020000,0,block_end,end,0.20,spline_interpolation
510,2009-01-04 13:10:00,-0.990000,-0.990000,-0.990000,0,block_end,end,0.20,spline_interpolation
511,2009-01-04 13:20:00,-1.000000,-1.000000,-1.000000,0,block_end,end,0.20,spline_interpolation
512,2009-01-04 13:30:00,-1.040000,-1.040000,-1.040000,0,block_end,end,0.20,spline_interpolation
513,2009-01-04 13:40:00,-0.990000,-0.990000,-0.990000,0,block_end,end,0.20,spline_interpolation
514,2009-01-04 13:50:00,-0.830000,-0.830000,-0.830000,0,block_end,end,0.20,spline_interpolation
515,2009-01-04 14:00:00,-0.770000,-0.770000,-0.770000,0,block_end,end,0.20,spline_interpolation
516,2009-01-04 14:10:00,-0.790000,-0.790000,-0.790000,0,block_end,end,0.20,spline_interpolation
517,2009-01-04 14:20:00,-0.870000,-0.870000,-0.870000,0,block_end,end,0.20,spline_interpolation
518,2009-01-04 14:30:00,-0.900000,-0.900000,-0.900000,0,block_end,end,0.20,spline_interpolation
519,2009-01-04 14:40:00,-0.900000,-0.900000,-0.900000,0,block_end,end,0.20,spline_interpolation
520,2009-01-04 14:50:00,-0.790000,-0.790000,-0.790000,0,block_end,end,0.20,spline_interpolation
521,2009-01-04 15:00:00,-0.700000,-0.700000,-0.700000,0,block_end,end,0.20,spline_interpolation
522,2009-01-04 15:10:00,-0.630000,-0.630000,-0.630000,0,block_end,end,0.20,spline_interpolation
523,2009-01-04 15:20:00,-0.750000,-0.750000,-0.750000,0,block_end,end,0.20,spline_interpolation
524,2009-01-04 15:30:00,-0.840000,-0.840000,-0.840000,0,block_end,end,0.20,spline_interpolation
525,2009-01-04 15:40:00,-0.960000,-0.960000,-0.960000,0,block_end,end,0.20,spline_interpolation
526,2009-01-04 15:50:00,-1.020000,-1.020000,-1.020000,0,block_end,end,0.20,spline_interpolation
527,2009-01-04 16:00:00,-1.050000,-1.050000,-1.050000,0,block_end,end,0.20,spline_interpolation
528,2009-01-04 16:10:00,-1.130000,-1.130000,-1.130000,0,block_end,end,0.20,spline_interpolation
529,2009-01-04 16:20:00,-1.220000,-1.220000,-1.220000,0,block_end,end,0.20,spline_interpolation
530,2009-01-04 16:30:00,-1.290000,-1.290000,-1.290000,0,block_end,end,0.20,spline_interpolation
531,2009-01-04 16:40:00,-1.400000,-1.400000,-1.400000,0,block_end,end,0.20,spline_interpolation
532,2009-01-04 16:50:00,-1.440000,-1.440000,-1.440000,0,block_end,end,0.20,spline_interpolation
533,2009-01-04 17:00:00,-1.460000,-1.460000,-1.460000,0,block_end,end,0.20,spline_interpolation
534,2009-01-04 17:10:00,-1.410000,-1.410000,-1.410000,0,block_end,end,0.20,spline_interpolation
535,2009-01-04 17:20:00,-1.440000,-1.440000,-1.440000,0,block_end,end,0.20,spline_interpolation
536,2009-01-04 17:30:00,-1.420000,-1.420000,-1.420000,0,block_end,end,0.20,spline_interpolation
537,2009-01-04 17:40:00,-1.450000,-1.450000,-1.450000,0,block_end,end,0.20,spline_interpolation
538,2009-01-04 17:50:00,-1.490000,-1.490000,-1.490000,0,block_end,end,0.20,spline_interpolation
539,2009-01-04 18:00:00,-1.510000,-1.510000,-1.510000,0,block_end,end,0.20,spline_interpolation
540,2009-01-04 18:10:00,-1.510000,-1.510000,-1.510000,0,block_end,end,0.20,spline_interpolation
541,2009-01-04 18:20:00,-1.510000,-1.510000,-1.510000,0,block_end,end,0.20,spline_interpolation
542,2009-01-04 18:30:00,-1.560000,-1.560000,-1.560000,0,block_end,end,0.20,spline_interpolation
543,2009-01-04 18:40:00,-1.570000,-1.570000,-1.570000,0,block_end,end,0.20,spline_interpolation
544,2009-01-04 18:50:00,-1.580000,-1.580000,-1.580000,0,block_end,end,0.20,spline_interpolation
545,2009-01-04 19:00:00,-1.620000,-1.620000,-1.620000,0,block_end,end,0.20,spline_interpolation
546,2009-01-04 19:10:00,-1.560000,-1.560000,-1.560000,0,block_end,end,0.20,spline_interpolation
547,2009-01-04 19:20:00,-1.630000,-1.630000,-1.630000,0,block_end,end,0.20,spline_interpolation
548,2009-01-04 19:30:00,-1.600000,-1.600000,-1.600000,0,block_end,end,0.20,spline_interpolation
549,2009-01-04 19:40:00,-1.580000,-1.580000,-1.580000,0,block_end,end,0.20,spline_interpolation
550,2009-01-04 19:50:00,-1.610000,-1.610000,-1.610000,0,block_end,end,0.20,spline_interpolation
551,2009-01-04 20:00:00,-1.560000,-1.560000,-1.560000,0,block_end,end,0.20,spline_interpolation
552,2009-01-04 20:10:00,-1.510000,-1.510000,-1.510000,0,block_end,end,0.20,spline_interpolation
553,2009-01-04 20:20:00,-1.450000,-1.450000,-1.450000,0,block_end,end,0.20,spline_interpolation
554,2009-01-04 20:30:00,-1.510000,-1.510000,-1.510000,0,block_end,end,0.20,spline_interpolation
555,2009-01-04 20:40:00,-1.510000,-1.510000,-1.510000,0,block_end,end,0.20,spline_interpolation
556,2009-01-04 20:50:00,-1.510000,-1.510000,-1.510000,0,block_end,end,0.20,spline_interpolation
557,2009-01-04 21:00:00,-1.510000,-1.510000,-1.510000,0,block_end,end,0.20,spline_interpolation
558,2009-01-04 21:10:00,-1.510000,-1.510000,-1.510000,0,block_end,end,0.20,spline_interpolation
559,2009-01-04 21:20:00,-1.510000,-1.510000,-1.510000,0,block_end,end,0.20,spline_interpolation
560,2009-01-04 21:30:00,-1.490000,-1.490000,-1.490000,0,block_end,end,0.20,spline_interpolation
561,2009-01-04 21:40:00,-1.440000,-1.440000,-1.440000,0,block_end,end,0.20,spline_interpolation
562,2009-01-04 21:50:00,-1.440000,-1.440000,-1.440000,0,block_end,end,0.20,spline_interpolation
563,2009-01-04 22:00:00,-1.430000,-1.430000,-1.430000,0,block_end,end,0.20,spline_interpolation
564,2009-01-04 22:10:00,-1.380000,-1.380000,-1.380000,0,block_end,end,0.20,spline_interpolation
565,2009-01-04 22:20:00,-1.450000,-1.450000,-1.450000,0,block_end,end,0.20,spline_interpolation
566,2009-01-04 22:30:00,-1.510000,-1.510000,-1.510000,0,block_end,end,0.20,spline_interpolation
567,2009-01-04 22:40:00,-1.460000,-1.460000,-1.460000,0,block_end,end,0.20,spline_interpolation
568,2009-01-04 22:50:00,-1.440000,-1.440000,-1.440000,0,block_end,end,0.20,spline_interpolation
569,2009-01-04 23:00:00,-1.440000,-1.440000,-1.440000,0,block_end,end,0.20,spline_interpolation
570,2009-01-04 23:10:00,-1.440000,-1.440000,-1.440000,0,block_end,end,0.20,spline_interpolation
571,2009-01-04 23:20:00,-1.420000,-1.420000,-1.420000,0,block_end,end,0.20,spline_interpolation
572,2009-01-04 23:30:00,-1.440000,-1.440000,-1.440000,0,block_end,end,0.20,spline_interpolation
573,2009-01-04 23:40:00,-1.460000,-1.460000,-1.460000,0,block_end,end,0.20,spline_interpolation
574,2009-01-04 23:50:00,-1.500000,-1.500000,-1.500000,0,block_end,end,0.20,spline_interpolation
575,2009-01-05 00:00:00,-1.470000,-1.470000,-1.470000,0,block_end,end,0.20,spline_interpolation
576,2009-01-05 00:10:00,-1.500000,-1.500000,-1.500000,0,block_end,end,0.20,spline_interpolation
577,2009-01-05 00:20:00,-1.520000,-1.520000,-1.520000,0,block_end,end,0.20,spline_interpolation
578,2009-01-05 00:30:00,-1.560000,-1.560000,-1.560000,0,block_end,end,0.20,spline_interpolation
579,2009-01-05 00:40:00,-1.560000,-1.560000,-1.560000,0,block_end,end,0.20,spline_interpolation
580,2009-01-05 00:50:00,-1.570000,-1.570000,-1.570000,0,block_end,end,0.20,spline_interpolation
581,2009-01-05 01:00:00,-1.570000,-1.570000,-1.570000,0,block_end,end,0.20,spline_interpolation
582,2009-01-05 01:10:00,-1.570000,-1.570000,-1.570000,0,block_end,end,0.20,spline_interpolation
583,2009-01-05 01:20:00,-1.580000,-1.580000,-1.580000,0,block_end,end,0.20,spline_interpolation
584,2009-01-05 01:30:00,-1.570000,-1.570000,-1.570000,0,block_end,end,0.20,spline_interpolation
585,2009-01-05 01:40:00,-1.600000,-1.600000,-1.600000,0,block_end,end,0.20,spline_interpolation
586,2009-01-05 01:50:00,-1.630000,-1.630000,-1.630000,0,block_end,end,0.20,spline_interpolation
587,2009-01-05 02:00:00,-1.600000,-1.600000,-1.600000,0,block_end,end,0.20,spline_interpolation
588,2009-01-05 02:10:00,-1.570000,-1.570000,-1.570000,0,block_end,end,0.20,spline_interpolation
589,2009-01-05 02:20:00,-1.540000,-1.540000,-1.540000,0,block_end,end,0.20,spline_interpolation
590,2009-01-05 02:30:00,-1.500000,-1.500000,-1.500000,0,block_end,end,0.20,spline_interpolation
591,2009-01-05 02:40:00,-1.460000,-1.460000,-1.460000,0,block_end,end,0.20,spline_interpolation
592,2009-01-05 02:50:00,-1.440000,-1.440000,-1.440000,0,block_end,end,0.20,spline_interpolation
593,2009-01-05 03:00:00,-1.500000,-1.500000,-1.500000,0,block_end,end,0.20,spline_interpolation
594,2009-01-05 03:10:00,-1.530000,-1.530000,-1.530000,0,block_end,end,0.20,spline_interpolation
595,2009-01-05 03:20:00,-1.570000,-1.570000,-1.570000,0,block_end,end,0.20,spline_interpolation
596,2009-01-05 03:30:00,-1.610000,-1.610000,-1.610000,0,block_end,end,0.20,spline_interpolation
597,2009-01-05 03:40:00,-1.640000,-1.640000,-1.640000,0,block_end,end,0.20,spline_interpolation
598,2009-01-05 03:50:00,-1.700000,-1.700000,-1.700000,0,block_end,end,0.20,spline_interpolation
599,2009-01-05 04:00:00,-1.760000,-1.760000,-1.760000,0,block_end,end,0.20,spline_interpolation
600,2009-01-05 04:10:00,-1.770000,-1.770000,-1.770000,0,block_end,end,0.20,spline_interpolation
601,2009-01-05 04:20:00,-1.800000,-1.800000,-1.800000,0,block_end,end,0.20,spline_interpolation
602,2009-01-05 04:30:00,-1.810000,-1.810000,-1.810000,0,block_end,end,0.20,spline_interpolation
603,2009-01-05 04:40:00,-1.770000,-1.770000,-1.770000,0,block_end,end,0.20,spline_interpolation
604,2009-01-05 04:50:00,-1.770000,-1.770000,-1.770000,0,block_end,end,0.20,spline_interpolation
605,2009-01-05 05:00:00,-1.770000,-1.770000,-1.770000,0,block_end,end,0.20,spline_interpolation
606,2009-01-05 05:10:00,-1.770000,-1.770000,-1.770000,0,block_end,end,0.20,spline_interpolation
607,2009-01-05 05:20:00,-1.760000,-1.760000,-1.760000,0,block_end,end,0.20,spline_interpolation
608,2009-01-05 05:30:00,-1.760000,-1.760000,-1.760000,0,block_end,end,0.20,spline_interpolation
609,2009-01-05 05:40:00,-1.760000,-1.760000,-1.760000,0,block_end,end,0.20,spline_interpolation
610,2009-01-05 05:50:00,-1.760000,-1.760000,-1.760000,0,block_end,end,0.20,spline_interpolation
611,2009-01-05 06:00:00,-1.760000,-1.760000,-1.760000,0,block_end,end,0.20,spline_interpolation
612,2009-01-05 06:10:00,-1.700000,-1.700000,-1.700000,0,block_end,end,0.20,spline_interpolation
613,2009-01-05 06:20:00,-1.700000,-1.700000,-1.700000,0,block_end,end,0.20,spline_interpolation
614,2009-01-05 06:30:00,-1.710000,-1.710000,-1.710000,0,block_end,end,0.20,spline_interpolation
615,2009-01-05 06:40:00,-1.790000,-1.790000,-1.790000,0,block_end,end,0.20,spline_interpolation
616,2009-01-05 06:50:00,-1.920000,-1.920000,-1.920000,0,block_end,end,0.20,spline_interpolation
617,2009-01-05 07:00:00,-2.080000,-2.080000,-2.080000,0,block_end,end,0.20,spline_interpolation
618,2009-01-05 07:10:00,-2.180000,-2.180000,-2.180000,0,block_end,end,0.20,spline_interpolation
619,2009-01-05 07:20:00,-2.260000,-2.260000,-2.260000,0,block_end,end,0.20,spline_interpolation
620,2009-01-05 07:30:00,-2.310000,-2.310000,-2.310000,0,block_end,end,0.20,spline_interpolation
621,2009-01-05 07:40:00,-2.360000,-2.360000,-2.360000,0,block_end,end,0.20,spline_interpolation
622,2009-01-05 07:50:00,-2.590000,-2.590000,-2.590000,0,block_end,end,0.20,spline_interpolation
623,2009-01-05 08:00:00,-2.720000,-2.720000,-2.720000,0,block_end,end,0.20,spline_interpolation
624,2009-01-05 08:10:00,-2.830000,-2.830000,-2.830000,0,block_end,end,0.20,spline_interpolation
625,2009-01-05 08:20:00,-2.870000,-2.870000,-2.870000,0,block_end,end,0.20,spline_interpolation
626,2009-01-05 08:30:00,-2.900000,-2.900000,-2.900000,0,block_end,end,0.20,spline_interpolation
627,2009-01-05 08:40:00,-2.890000,-2.890000,-2.890000,0,block_end,end,0.20,spline_interpolation
628,2009-01-05 08:50:00,-3.030000,-3.030000,-3.030000,0,block_end,end,0.20,spline_interpolation
629,2009-01-05 09:00:00,-3.110000,-3.110000,-3.110000,0,block_end,end,0.20,spline_interpolation
630,2009-01-05 09:10:00,-3.120000,-3.120000,-3.120000,0,block_end,end,0.20,spline_interpolation
631,2009-01-05 09:20:00,-3.110000,-3.110000,-3.110000,0,block_end,end,0.20,spline_interpolation
632,2009-01-05 09:30:00,-3.180000,-3.180000,-3.180000,0,block_end,end,0.20,spline_interpolation
633,2009-01-05 09:40:00,-3.230000,-3.230000,-3.230000,0,block_end,end,0.20,spline_interpolation
634,2009-01-05 09:50:00,-3.240000,-3.240000,-3.240000,0,block_end,end,0.20,spline_interpolation
635,2009-01-05 10:00:00,-3.290000,-3.290000,-3.290000,0,block_end,end,0.20,spline_interpolation
636,2009-01-05 10:10:00,-3.300000,-3.300000,-3.300000,0,block_end,end,0.20,spline_interpolation
637,2009-01-05 10:20:00,-3.280000,-3.280000,-3.280000,0,block_end,end,0.20,spline_interpolation
638,2009-01-05 10:30:00,-3.310000,-3.310000,-3.310000,0,block_end,end,0.20,spline_interpolation
639,2009-01-05 10:40:00,-3.360000,-3.360000,-3.360000,0,block_end,end,0.20,spline_interpolation
640,2009-01-05 10:50:00,-3.460000,-3.460000,-3.460000,0,block_end,end,0.20,spline_interpolation
641,2009-01-05 11:00:00,-3.530000,-3.530000,-3.530000,0,block_end,end,0.20,spline_interpolation
642,2009-01-05 11:10:00,-3.570000,-3.570000,-3.570000,0,block_end,end,0.20,spline_interpolation
643,2009-01-05 11:20:00,-3.580000,-3.580000,-3.580000,0,block_end,end,0.20,spline_interpolation
644,2009-01-05 11:30:00,-3.620000,-3.620000,-3.620000,0,block_end,end,0.20,spline_interpolation
645,2009-01-05 11:40:00,-3.630000,-3.630000,-3.630000,0,block_end,end,0.20,spline_interpolation
646,2009-01-05 11:50:00,-3.630000,-3.630000,-3.630000,0,block_end,end,0.20,spline_interpolation
647,2009-01-05 12:00:00,-3.650000,-3.650000,-3.650000,0,block_end,end,0.20,spline_interpolation
648,2009-01-05 12:10:00,-3.730000,-3.730000,-3.730000,0,block_end,end,0.20,spline_interpolation
649,2009-01-05 12:20:00,-3.860000,-3.860000,-3.860000,0,block_end,end,0.20,spline_interpolation
650,2009-01-05 12:30:00,-4.060000,-4.060000,-4.060000,0,block_end,end,0.20,spline_interpolation
651,2009-01-05 12:40:00,-4.160000,-4.160000,-4.160000,0,block_end,end,0.20,spline_interpolation
652,2009-01-05 12:50:00,-4.170000,-4.170000,-4.170000,0,block_end,end,0.20,spline_interpolation
653,2009-01-05 13:00:00,-4.150000,-4.150000,-4.150000,0,block_end,end,0.20,spline_interpolation
654,2009-01-05 13:10:00,-4.230000,-4.230000,-4.230000,0,block_end,end,0.20,spline_interpolation
655,2009-01-05 13:20:00,-4.330000,-4.330000,-4.330000,0,block_end,end,0.20,spline_interpolation
656,2009-01-05 13:30:00,-4.370000,-4.370000,-4.370000,0,block_end,end,0.20,spline_interpolation
657,2009-01-05 13:40:00,-4.450000,-4.450000,-4.450000,0,block_end,end,0.20,spline_interpolation
658,2009-01-05 13:50:00,-4.500000,-4.500000,-4.500000,0,block_end,end,0.20,spline_interpolation
659,2009-01-05 14:00:00,-4.570000,-4.570000,-4.570000,0,block_end,end,0.20,spline_interpolation
660,2009-01-05 14:10:00,-4.680000,-4.680000,-4.680000,0,block_end,end,0.20,spline_interpolation
661,2009-01-05 14:20:00,-4.770000,-4.770000,-4.770000,0,block_end,end,0.20,spline_interpolation
662,2009-01-05 14:30:00,-4.810000,-4.810000,-4.810000,0,block_end,end,0.20,spline_interpolation
663,2009-01-05 14:40:00,-4.950000,-4.950000,-4.950000,0,block_end,end,0.20,spline_interpolation
664,2009-01-05 14:50:00,-5.080000,-5.080000,-5.080000,0,block_end,end,0.20,spline_interpolation
665,2009-01-05 15:00:00,-5.140000,-5.140000,-5.140000,0,block_end,end,0.20,spline_interpolation
666,2009-01-05 15:10:00,-5.260000,-5.260000,-5.260000,0,block_end,end,0.20,spline_interpolation
667,2009-01-05 15:20:00,-5.410000,-5.410000,-5.410000,0,block_end,end,0.20,spline_interpolation
668,2009-01-05 15:30:00,-5.490000,-5.490000,-5.490000,0,block_end,end,0.20,spline_interpolation
669,2009-01-05 15:40:00,-5.540000,-5.540000,-5.540000,0,block_end,end,0.20,spline_interpolation
670,2009-01-05 15:50:00,-5.590000,-5.590000,-5.590000,0,block_end,end,0.20,spline_interpolation
671,2009-01-05 16:00:00,-5.740000,-5.740000,-5.740000,0,block_end,end,0.20,spline_interpolation
672,2009-01-05 16:10:00,-5.770000,-5.770000,-5.770000,0,block_end,end,0.20,spline_interpolation
673,2009-01-05 16:20:00,-5.940000,-5.940000,-5.940000,0,block_end,end,0.20,spline_interpolation
674,2009-01-05 16:30:00,-6.050000,-6.050000,-6.050000,0,block_end,end,0.20,spline_interpolation
675,2009-01-05 16:40:00,-6.100000,-6.100000,-6.100000,0,block_end,end,0.20,spline_interpolation
676,2009-01-05 16:50:00,-6.210000,-6.210000,-6.210000,0,block_end,end,0.20,spline_interpolation
677,2009-01-05 17:00:00,-6.380000,-6.380000,-6.380000,0,block_end,end,0.20,spline_interpolation
678,2009-01-05 17:10:00,-6.550000,-6.550000,-6.550000,0,block_end,end,0.20,spline_interpolation
679,2009-01-05 17:20:00,-6.630000,-6.630000,-6.630000,0,block_end,end,0.20,spline_interpolation
680,2009-01-05 17:30:00,-6.700000,-6.700000,-6.700000,0,block_end,end,0.20,spline_interpolation
681,2009-01-05 17:40:00,-6.760000,-6.760000,-6.760000,0,block_end,end,0.20,spline_interpolation
682,2009-01-05 17:50:00,-6.740000,-6.740000,-6.740000,0,block_end,end,0.20,spline_interpolation
683,2009-01-05 18:00:00,-6.850000,-6.850000,-6.850000,0,block_end,end,0.20,spline_interpolation
684,2009-01-05 18:10:00,-7.080000,-7.080000,-7.080000,0,block_end,end,0.20,spline_interpolation
685,2009-01-05 18:20:00,-7.450000,-7.450000,-7.450000,0,block_end,end,0.20,spline_interpolation
686,2009-01-05 18:30:00,-7.620000,-7.620000,-7.620000,0,block_end,end,0.20,spline_interpolation
687,2009-01-05 18:40:00,-7.730000,-7.730000,-7.730000,0,block_end,end,0.20,spline_interpolation
688,2009-01-05 18:50:00,-7.800000,-7.800000,-7.800000,0,block_end,end,0.20,spline_interpolation
689,2009-01-05 19:00:00,-7.900000,-7.900000,-7.900000,0,block_end,end,0.20,spline_interpolation
690,2009-01-05 19:10:00,-8.010000,-8.010000,-8.010000,0,block_end,end,0.20,spline_interpolation
691,2009-01-05 19:20:00,-8.130000,-8.130000,-8.130000,0,block_end,end,0.20,spline_interpolation
692,2009-01-05 19:30:00,-8.310000,-8.310000,-8.310000,0,block_end,end,0.20,spline_interpolation
693,2009-01-05 19:40:00,-8.550000,-8.550000,-8.550000,0,block_end,end,0.20,spline_interpolation
694,2009-01-05 19:50:00,-8.870000,-8.870000,-8.870000,0,block_end,end,0.20,spline_interpolation
695,2009-01-05 20:00:00,-9.130000,-9.130000,-9.130000,0,block_end,end,0.20,spline_interpolation
696,2009-01-05 20:10:00,-9.350000,-9.350000,-9.350000,0,block_end,end,0.20,spline_interpolation
697,2009-01-05 20:20:00,-9.550000,-9.550000,-9.550000,0,block_end,end,0.20,spline_interpolation
698,2009-01-05 20:30:00,-9.730000,-9.730000,-9.730000,0,block_end,end,0.20,spline_interpolation
699,2009-01-05 20:40:00,-9.900000,-9.900000,-9.900000,0,block_end,end,0.20,spline_interpolation
700,2009-01-05 20:50:00,-10.070000,-10.070000,-10.070000,0,block_end,end,0.20,spline_interpolation
701,2009-01-05 21:00:00,-10.180000,-10.180000,-10.180000,0,block_end,end,0.20,spline_interpolation
702,2009-01-05 21:10:00,-10.320000,-10.320000,-10.320000,0,block_end,end,0.20,spline_interpolation
703,2009-01-05 21:20:00,-10.410000,-10.410000,-10.410000,0,block_end,end,0.20,spline_interpolation
704,2009-01-05 21:30:00,-10.440000,-10.440000,-10.440000,0,block_end,end,0.20,spline_interpolation
705,2009-01-05 21:40:00,-10.460000,-10.460000,-10.460000,0,block_end,end,0.20,spline_interpolation
706,2009-01-05 21:50:00,-10.500000,-10.500000,-10.500000,0,block_end,end,0.20,spline_interpolation
707,2009-01-05 22:00:00,-10.600000,-10.600000,-10.600000,0,block_end,end,0.20,spline_interpolation
708,2009-01-05 22:10:00,-10.740000,-10.740000,-10.740000,0,block_end,end,0.20,spline_interpolation
709,2009-01-05 22:20:00,-10.880000,-10.880000,-10.880000,0,block_end,end,0.20,spline_interpolation
710,2009-01-05 22:30:00,-11.090000,-11.090000,-11.090000,0,block_end,end,0.20,spline_interpolation
711,2009-01-05 22:40:00,-11.320000,-11.320000,-11.320000,0,block_end,end,0.20,spline_interpolation
712,2009-01-05 22:50:00,-11.500000,-11.500000,-11.500000,0,block_end,end,0.20,spline_interpolation
713,2009-01-05 23:00:00,-11.720000,-11.720000,-11.720000,0,block_end,end,0.20,spline_interpolation
714,2009-01-05 23:10:00,-11.960000,-11.960000,-11.960000,0,block_end,end,0.20,spline_interpolation
715,2009-01-05 23:20:00,-12.160000,-12.160000,-12.160000,0,block_end,end,0.20,spline_interpolation
716,2009-01-05 23:30:00,-12.300000,-12.300000,-12.300000,0,block_end,end,0.20,spline_interpolation
717,2009-01-05 23:40:00,-12.430000,-12.430000,-12.430000,0,block_end,end,0.20,spline_interpolation
718,2009-01-05 23:50:00,-12.540000,-12.540000,-12.540000,0,block_end,end,0.20,spline_interpolation
719,2009-01-06 00:00:00,-12.630000,-12.630000,-12.630000,0,block_end,end,0.20,spline_interpolation
720,2009-01-06 00:10:00,-12.780000,-12.780000,-12.780000,0,block_end,end,0.20,spline_interpolation
721,2009-01-06 00:20:00,-12.930000,-12.930000,-12.930000,0,block_end,end,0.20,spline_interpolation
722,2009-01-06 00:30:00,-13.060000,-13.060000,-13.060000,0,block_end,end,0.20,spline_interpolation
723,2009-01-06 00:40:00,-13.140000,-13.140000,-13.140000,0,block_end,end,0.20,spline_interpolation
724,2009-01-06 00:50:00,-13.240000,-13.240000,-13.240000,0,block_end,end,0.20,spline_interpolation
725,2009-01-06 01:00:00,-13.340000,-13.340000,-13.340000,0,block_end,end,0.20,spline_interpolation
726,2009-01-06 01:10:00,-13.390000,-13.390000,-13.390000,0,block_end,end,0.20,spline_interpolation
727,2009-01-06 01:20:00,-13.430000,-13.430000,-13.430000,0,block_end,end,0.20,spline_interpolation
728,2009-01-06 01:30:00,-13.490000,-13.490000,-13.490000,0,block_end,end,0.20,spline_interpolation
729,2009-01-06 01:40:00,-13.590000,-13.590000,-13.590000,0,block_end,end,0.20,spline_interpolation
730,2009-01-06 01:50:00,-13.620000,-13.620000,-13.620000,0,block_end,end,0.20,spline_interpolation
731,2009-01-06 02:00:00,-13.640000,-13.640000,-13.640000,0,block_end,end,0.20,spline_interpolation
732,2009-01-06 02:10:00,-13.660000,-13.660000,-13.660000,0,block_end,end,0.20,spline_interpolation
733,2009-01-06 02:20:00,-13.750000,-13.750000,-13.750000,0,block_end,end,0.20,spline_interpolation
734,2009-01-06 02:30:00,-13.800000,-13.800000,-13.800000,0,block_end,end,0.20,spline_interpolation
735,2009-01-06 02:40:00,-13.850000,-13.850000,-13.850000,0,block_end,end,0.20,spline_interpolation
736,2009-01-06 02:50:00,-13.870000,-13.870000,-13.870000,0,block_end,end,0.20,spline_interpolation
737,2009-01-06 03:00:00,-13.890000,-13.890000,-13.890000,0,block_end,end,0.20,spline_interpolation
738,2009-01-06 03:10:00,-13.980000,-13.980000,-13.980000,0,block_end,end,0.20,spline_interpolation
739,2009-01-06 03:20:00,-14.080000,-14.080000,-14.080000,0,block_end,end,0.20,spline_interpolation
740,2009-01-06 03:30:00,-14.180000,-14.180000,-14.180000,0,block_end,end,0.20,spline_interpolation
741,2009-01-06 03:40:00,-14.300000,-14.300000,-14.300000,0,block_end,end,0.20,spline_interpolation
742,2009-01-06 03:50:00,-14.260000,-14.260000,-14.260000,0,block_end,end,0.20,spline_interpolation
743,2009-01-06 04:00:00,-14.290000,-14.290000,-14.290000,0,block_end,end,0.20,spline_interpolation
744,2009-01-06 04:10:00,-14.390000,-14.390000,-14.390000,0,block_end,end,0.20,spline_interpolation
745,2009-01-06 04:20:00,-14.470000,-14.470000,-14.470000,0,block_end,end,0.20,spline_interpolation
746,2009-01-06 04:30:00,-14.600000,-14.600000,-14.600000,0,block_end,end,0.20,spline_interpolation
747,2009-01-06 04:40:00,-14.730000,-14.730000,-14.730000,0,block_end,end,0.20,spline_interpolation
748,2009-01-06 04:50:00,-14.900000,-14.900000,-14.900000,0,block_end,end,0.20,spline_interpolation
749,2009-01-06 05:00:00,-15.130000,-15.130000,-15.130000,0,block_end,end,0.20,spline_interpolation
750,2009-01-06 05:10:00,-15.200000,-15.200000,-15.200000,0,block_end,end,0.20,spline_interpolation
751,2009-01-06 05:20:00,-15.160000,-15.160000,-15.160000,0,block_end,end,0.20,spline_interpolation
752,2009-01-06 05:30:00,-15.250000,-15.250000,-15.250000,0,block_end,end,0.20,spline_interpolation
753,2009-01-06 05:40:00,-15.310000,-15.310000,-15.310000,0,block_end,end,0.20,spline_interpolation
754,2009-01-06 05:50:00,-15.290000,-15.290000,-15.290000,0,block_end,end,0.20,spline_interpolation
755,2009-01-06 06:00:00,-15.370000,-15.370000,-15.370000,0,block_end,end,0.20,spline_interpolation
756,2009-01-06 06:10:00,-15.490000,-15.490000,-15.490000,0,block_end,end,0.20,spline_interpolation
757,2009-01-06 06:20:00,-15.730000,-15.730000,-15.730000,0,block_end,end,0.20,spline_interpolation
758,2009-01-06 06:30:00,-16.310000,-16.310000,-16.310000,0,block_end,end,0.20,spline_interpolation
759,2009-01-06 06:40:00,-16.690000,-16.690000,-16.690000,0,block_end,end,0.20,spline_interpolation
760,2009-01-06 06:50:00,-16.710000,-16.710000,-16.710000,0,block_end,end,0.20,spline_interpolation
761,2009-01-06 07:00:00,-16.860000,-16.860000,-16.860000,0,block_end,end,0.20,spline_interpolation
762,2009-01-06 07:10:00,-16.920000,-16.920000,-16.920000,0,block_end,end,0.20,spline_interpolation
763,2009-01-06 07:20:00,-16.900000,-16.900000,-16.900000,0,block_end,end,0.20,spline_interpolation
764,2009-01-06 07:30:00,-16.890000,-16.890000,-16.890000,0,block_end,end,0.20,spline_interpolation
765,2009-01-06 07:40:00,-16.970000,-16.970000,-16.970000,0,block_end,end,0.20,spline_interpolation
766,2009-01-06 07:50:00,-17.020000,-17.020000,-17.020000,0,block_end,end,0.20,spline_interpolation
767,2009-01-06 08:00:00,-16.920000,-16.920000,-16.920000,0,block_end,end,0.20,spline_interpolation
768,2009-01-06 08:10:00,-16.260000,-16.260000,-16.260000,0,block_end,end,0.20,spline_interpolation
769,2009-01-06 08:20:00,-16.090000,-16.090000,-16.090000,0,block_end,end,0.20,spline_interpolation
770,2009-01-06 08:30:00,-16.020000,-16.020000,-16.020000,0,block_end,end,0.20,spline_interpolation
771,2009-01-06 08:40:00,-15.980000,-15.980000,-15.980000,0,block_end,end,0.20,spline_interpolation
772,2009-01-06 08:50:00,-15.900000,-15.900000,-15.900000,0,block_end,end,0.20,spline_interpolation
773,2009-01-06 09:00:00,-15.710000,-15.710000,-15.710000,0,block_end,end,0.20,spline_interpolation
774,2009-01-06 09:10:00,-15.690000,-15.690000,-15.690000,0,block_end,end,0.20,spline_interpolation
775,2009-01-06 09:20:00,-15.530000,-15.530000,-15.530000,0,block_end,end,0.20,spline_interpolation
776,2009-01-06 09:30:00,-15.070000,-15.070000,-15.070000,0,block_end,end,0.20,spline_interpolation
777,2009-01-06 09:40:00,-15.250000,-15.250000,-15.250000,0,block_end,end,0.20,spline_interpolation
778,2009-01-06 09:50:00,-15.430000,-15.430000,-15.430000,0,block_end,end,0.20,spline_interpolation
779,2009-01-06 10:00:00,-15.230000,-15.230000,-15.230000,0,block_end,end,0.20,spline_interpolation
780,2009-01-06 10:10:00,-15.110000,-15.110000,-15.110000,0,block_end,end,0.20,spline_interpolation
781,2009-01-06 10:20:00,-15.120000,-15.120000,-15.120000,0,block_end,end,0.20,spline_interpolation
782,2009-01-06 10:30:00,-15.060000,-15.060000,-15.060000,0,block_end,end,0.20,spline_interpolation
783,2009-01-06 10:40:00,-15.040000,-15.040000,-15.040000,0,block_end,end,0.20,spline_interpolation
784,2009-01-06 10:50:00,-15.140000,-15.140000,-15.140000,0,block_end,end,0.20,spline_interpolation
785,2009-01-06 11:00:00,-15.050000,-15.050000,-15.050000,0,block_end,end,0.20,spline_interpolation
786,2009-01-06 11:10:00,-14.710000,-14.710000,-14.710000,0,block_end,end,0.20,spline_interpolation
787,2009-01-06 11:20:00,-14.750000,-14.750000,-14.750000,0,block_end,end,0.20,spline_interpolation
788,2009-01-06 11:30:00,-14.720000,-14.720000,-14.720000,0,block_end,end,0.20,spline_interpolation
789,2009-01-06 11:40:00,-14.620000,-14.620000,-14.620000,0,block_end,end,0.20,spline_interpolation
790,2009-01-06 11:50:00,-14.460000,-14.460000,-14.460000,0,block_end,end,0.20,spline_interpolation
791,2009-01-06 12:00:00,-14.520000,-14.520000,-14.520000,0,block_end,end,0.20,spline_interpolation
792,2009-01-06 12:10:00,-14.460000,-14.460000,-14.460000,0,block_end,end,0.20,spline_interpolation
793,2009-01-06 12:20:00,-14.080000,-14.080000,-14.080000,0,block_end,end,0.20,spline_interpolation
794,2009-01-06 12:30:00,-13.560000,-13.560000,-13.560000,0,block_end,end,0.20,spline_interpolation
795,2009-01-06 12:40:00,-13.180000,-13.180000,-13.180000,0,block_end,end,0.20,spline_interpolation
796,2009-01-06 12:50:00,-12.420000,-12.420000,-12.420000,0,block_end,end,0.20,spline_interpolation
797,2009-01-06 13:00:00,-10.970000,-10.970000,-10.970000,0,block_end,end,0.20,spline_interpolation
798,2009-01-06 13:10:00,-10.880000,-10.880000,-10.880000,0,block_end,end,0.20,spline_interpolation
799,2009-01-06 13:20:00,-11.450000,-11.450000,-11.450000,0,block_end,end,0.20,spline_interpolation
800,2009-01-06 13:30:00,-11.090000,-11.090000,-11.090000,0,block_end,end,0.20,spline_interpolation
801,2009-01-06 13:40:00,-11.070000,-11.070000,-11.070000,0,block_end,end,0.20,spline_interpolation
802,2009-01-06 13:50:00,-11.330000,-11.330000,-11.330000,0,block_end,end,0.20,spline_interpolation
803,2009-01-06 14:00:00,-11.900000,-11.900000,-11.900000,0,block_end,end,0.20,spline_interpolation
804,2009-01-06 14:10:00,-12.430000,-12.430000,-12.430000,0,block_end,end,0.20,spline_interpolation
805,2009-01-06 14:20:00,-12.470000,,-12.923398,1,block_end,end,0.20,spline_interpolation
806,2009-01-06 14:30:00,-12.270000,,-13.409365,1,block_end,end,0.20,spline_interpolation
807,2009-01-06 14:40:00,-12.190000,,-13.887940,1,block_end,end,0.20,spline_interpolation
808,2009-01-06 14:50:00,-11.960000,,-14.359158,1,block_end,end,0.20,spline_interpolation
809,2009-01-06 15:00:00,-12.050000,,-14.823056,1,block_end,end,0.20,spline_interpolation
810,2009-01-06 15:10:00,-12.660000,,-15.279672,1,block_end,end,0.20,spline_interpolation
811,2009-01-06 15:20:00,-13.090000,,-15.729041,1,block_end,end,0.20,spline_interpolation
812,2009-01-06 15:30:00,-13.260000,,-16.171201,1,block_end,end,0.20,spline_interpolation
813,2009-01-06 15:40:00,-13.280000,,-16.606188,1,block_end,end,0.20,spline_interpolation
814,2009-01-06 15:50:00,-13.280000,,-17.034040,1,block_end,end,0.20,spline_interpolation
815,2009-01-06 16:00:00,-13.520000,,-17.454793,1,block_end,end,0.20,spline_interpolation
816,2009-01-06 16:10:00,-14.050000,,-17.868483,1,block_end,end,0.20,spline_interpolation
817,2009-01-06 16:20:00,-14.400000,,-18.275149,1,block_end,end,0.20,spline_interpolation
818,2009-01-06 16:30:00,-14.620000,,-18.674825,1,block_end,end,0.20,spline_interpolation
819,2009-01-06 16:40:00,-14.940000,,-19.067550,1,block_end,end,0.20,spline_interpolation
820,2009-01-06 16:50:00,-14.880000,,-19.453359,1,block_end,end,0.20,spline_interpolation
821,2009-01-06 17:00:00,-14.880000,,-19.832291,1,block_end,end,0.20,spline_interpolation
822,2009-01-06 17:10:00,-15.590000,,-20.204381,1,block_end,end,0.20,spline_interpolation
823,2009-01-06 17:20:00,-15.970000,,-20.569666,1,block_end,end,0.20,spline_interpolation
824,2009-01-06 17:30:00,-15.920000,,-20.928183,1,block_end,end,0.20,spline_interpolation
825,2009-01-06 17:40:00,-16.150000,,-21.279969,1,block_end,end,0.20,spline_interpolation
826,2009-01-06 17:50:00,-16.110000,,-21.625061,1,block_end,end,0.20,spline_interpolation
827,2009-01-06 18:00:00,-16.490000,,-21.963495,1,block_end,end,0.20,spline_interpolation
828,2009-01-06 18:10:00,-16.560000,,-22.295308,1,block_end,end,0.20,spline_interpolation
829,2009-01-06 18:20:00,-16.610000,,-22.620538,1,block_end,end,0.20,spline_interpolation
830,2009-01-06 18:30:00,-16.750000,,-22.939220,1,block_end,end,0.20,spline_interpolation
831,2009-01-06 18:40:00,-16.930000,,-23.251391,1,block_end,end,0.20,spline_interpolation
832,2009-01-06 18:50:00,-17.070000,,-23.557089,1,block_end,end,0.20,spline_interpolation
833,2009-01-06 19:00:00,-17.210000,,-23.856350,1,block_end,end,0.20,spline_interpolation
834,2009-01-06 19:10:00,-17.400000,,-24.149211,1,block_end,end,0.20,spline_interpolation
835,2009-01-06 19:20:00,-17.580000,,-24.435709,1,block_end,end,0.20,spline_interpolation
836,2009-01-06 19:30:00,-17.790000,,-24.715880,1,block_end,end,0.20,spline_interpolation
837,2009-01-06 19:40:00,-17.990000,,-24.989761,1,block_end,end,0.20,spline_interpolation
838,2009-01-06 19:50:00,-18.180000,,-25.257389,1,block_end,end,0.20,spline_interpolation
839,2009-01-06 20:00:00,-18.350000,,-25.518802,1,block_end,end,0.20,spline_interpolation
840,2009-01-06 20:10:00,-18.320000,,-25.774034,1,block_end,end,0.20,spline_interpolation
841,2009-01-06 20:20:00,-17.830000,,-26.023124,1,block_end,end,0.20,spline_interpolation
842,2009-01-06 20:30:00,-18.250000,,-26.266109,1,block_end,end,0.20,spline_interpolation
843,2009-01-06 20:40:00,-18.370000,,-26.503024,1,block_end,end,0.20,spline_interpolation
844,2009-01-06 20:50:00,-18.500000,,-26.733907,1,block_end,end,0.20,spline_interpolation
845,2009-01-06 21:00:00,-18.620000,,-26.958794,1,block_end,end,0.20,spline_interpolation
846,2009-01-06 21:10:00,-18.880000,,-27.177723,1,block_end,end,0.20,spline_interpolation
847,2009-01-06 21:20:00,-18.890000,,-27.390729,1,block_end,end,0.20,spline_interpolation
848,2009-01-06 21:30:00,-19.170000,,-27.597851,1,block_end,end,0.20,spline_interpolation
849,2009-01-06 21:40:00,-19.470000,,-27.799124,1,block_end,end,0.20,spline_interpolation
850,2009-01-06 21:50:00,-19.380000,,-27.994586,1,block_end,end,0.20,spline_interpolation
851,2009-01-06 22:00:00,-19.390000,,-28.184272,1,block_end,end,0.20,spline_interpolation
852,2009-01-06 22:10:00,-19.880000,,-28.368221,1,block_end,end,0.20,spline_interpolation
853,2009-01-06 22:20:00,-20.340000,,-28.546469,1,block_end,end,0.20,spline_interpolation
854,2009-01-06 22:30:00,-20.670000,,-28.719052,1,block_end,end,0.20,spline_interpolation
855,2009-01-06 22:40:00,-20.840000,,-28.886007,1,block_end,end,0.20,spline_interpolation
856,2009-01-06 22:50:00,-20.860000,,-29.047372,1,block_end,end,0.20,spline_interpolation
857,2009-01-06 23:00:00,-20.850000,,-29.203182,1,block_end,end,0.20,spline_interpolation
858,2009-01-06 23:10:00,-21.080000,,-29.353475,1,block_end,end,0.20,spline_interpolation
859,2009-01-06 23:20:00,-21.070000,,-29.498287,1,block_end,end,0.20,spline_interpolation
860,2009-01-06 23:30:00,-20.510000,,-29.637656,1,block_end,end,0.20,spline_interpolation
861,2009-01-06 23:40:00,-20.480000,,-29.771618,1,block_end,end,0.20,spline_interpolation
862,2009-01-06 23:50:00,-20.750000,,-29.900209,1,block_end,end,0.20,spline_interpolation
863,2009-01-07 00:00:00,-21.090000,,-30.023467,1,block_end,end,0.20,spline_interpolation
864,2009-01-07 00:10:00,-21.310000,,-30.141429,1,block_end,end,0.20,spline_interpolation
865,2009-01-07 00:20:00,-20.970000,,-30.254130,1,block_end,end,0.20,spline_interpolation
866,2009-01-07 00:30:00,-20.480000,,-30.361609,1,block_end,end,0.20,spline_interpolation
867,2009-01-07 00:40:00,-20.260000,,-30.463901,1,block_end,end,0.20,spline_interpolation
868,2009-01-07 00:50:00,-21.170000,,-30.561044,1,block_end,end,0.20,spline_interpolation
869,2009-01-07 01:00:00,-21.560000,,-30.653074,1,block_end,end,0.20,spline_interpolation
870,2009-01-07 01:10:00,-21.650000,,-30.740027,1,block_end,end,0.20,spline_interpolation
871,2009-01-07 01:20:00,-21.490000,,-30.821942,1,block_end,end,0.20,spline_interpolation
872,2009-01-07 01:30:00,-21.460000,,-30.898855,1,block_end,end,0.20,spline_interpolation
873,2009-01-07 01:40:00,-21.570000,,-30.970802,1,block_end,end,0.20,spline_interpolation
874,2009-01-07 01:50:00,-21.240000,,-31.037820,1,block_end,end,0.20,spline_interpolation
875,2009-01-07 02:00:00,-20.990000,,-31.099946,1,block_end,end,0.20,spline_interpolation
876,2009-01-07 02:10:00,-20.940000,,-31.157216,1,block_end,end,0.20,spline_interpolation
877,2009-01-07 02:20:00,-20.900000,,-31.209669,1,block_end,end,0.20,spline_interpolation
878,2009-01-07 02:30:00,-21.320000,,-31.257339,1,block_end,end,0.20,spline_interpolation
879,2009-01-07 02:40:00,-22.070000,,-31.300265,1,block_end,end,0.20,spline_interpolation
880,2009-01-07 02:50:00,-22.550000,,-31.338482,1,block_end,end,0.20,spline_interpolation
881,2009-01-07 03:00:00,-22.760000,,-31.372029,1,block_end,end,0.20,spline_interpolation
882,2009-01-07 03:10:00,-23.010000,,-31.400940,1,block_end,end,0.20,spline_interpolation
883,2009-01-07 03:20:00,-22.910000,,-31.425254,1,block_end,end,0.20,spline_interpolation
884,2009-01-07 03:30:00,-22.640000,,-31.445007,1,block_end,end,0.20,spline_interpolation
885,2009-01-07 03:40:00,-22.380000,,-31.460236,1,block_end,end,0.20,spline_interpolation
886,2009-01-07 03:50:00,-22.220000,,-31.470977,1,block_end,end,0.20,spline_interpolation
887,2009-01-07 04:00:00,-22.390000,,-31.477267,1,block_end,end,0.20,spline_interpolation
888,2009-01-07 04:10:00,-22.100000,,-31.479144,1,block_end,end,0.20,spline_interpolation
889,2009-01-07 04:20:00,-21.800000,,-31.476644,1,block_end,end,0.20,spline_interpolation
890,2009-01-07 04:30:00,-22.250000,,-31.469803,1,block_end,end,0.20,spline_interpolation
891,2009-01-07 04:40:00,-22.490000,,-31.458659,1,block_end,end,0.20,spline_interpolation
892,2009-01-07 04:50:00,-22.310000,,-31.443248,1,block_end,end,0.20,spline_interpolation
893,2009-01-07 05:00:00,-22.420000,,-31.423607,1,block_end,end,0.20,spline_interpolation
894,2009-01-07 05:10:00,-22.310000,,-31.399773,1,block_end,end,0.20,spline_interpolation
895,2009-01-07 05:20:00,-22.470000,,-31.371782,1,block_end,end,0.20,spline_interpolation
896,2009-01-07 05:30:00,-22.260000,,-31.339672,1,block_end,end,0.20,spline_interpolation
897,2009-01-07 05:40:00,-21.930000,,-31.303479,1,block_end,end,0.20,spline_interpolation
898,2009-01-07 05:50:00,-22.310000,,-31.263240,1,block_end,end,0.20,spline_interpolation
899,2009-01-07 06:00:00,-22.130000,,-31.218992,1,block_end,end,0.20,spline_interpolation
900,2009-01-07 06:10:00,-22.490000,,-31.170771,1,block_end,end,0.20,spline_interpolation
901,2009-01-07 06:20:00,-22.410000,,-31.118615,1,block_end,end,0.20,spline_interpolation
902,2009-01-07 06:30:00,-22.410000,,-31.062560,1,block_end,end,0.20,spline_interpolation
903,2009-01-07 06:40:00,-21.930000,,-31.002642,1,block_end,end,0.20,spline_interpolation
904,2009-01-07 06:50:00,-21.460000,,-30.938899,1,block_end,end,0.20,spline_interpolation
905,2009-01-07 07:00:00,-21.420000,,-30.871368,1,block_end,end,0.20,spline_interpolation
906,2009-01-07 07:10:00,-21.840000,,-30.800085,1,block_end,end,0.20,spline_interpolation
907,2009-01-07 07:20:00,-22.200000,,-30.725087,1,block_end,end,0.20,spline_interpolation
908,2009-01-07 07:30:00,-22.300000,,-30.646410,1,block_end,end,0.20,spline_interpolation
909,2009-01-07 07:40:00,-22.550000,,-30.564092,1,block_end,end,0.20,spline_interpolation
910,2009-01-07 07:50:00,-22.630000,,-30.478170,1,block_end,end,0.20,spline_interpolation
911,2009-01-07 08:00:00,-22.500000,,-30.388679,1,block_end,end,0.20,spline_interpolation
912,2009-01-07 08:10:00,-22.540000,,-30.295658,1,block_end,end,0.20,spline_interpolation
913,2009-01-07 08:20:00,-21.680000,,-30.199142,1,block_end,end,0.20,spline_interpolation
914,2009-01-07 08:30:00,-21.430000,,-30.099169,1,block_end,end,0.20,spline_interpolation
915,2009-01-07 08:40:00,-21.170000,,-29.995775,1,block_end,end,0.20,spline_interpolation
916,2009-01-07 08:50:00,-21.160000,,-29.888997,1,block_end,end,0.20,spline_interpolation
917,2009-01-07 09:00:00,-21.170000,,-29.778872,1,block_end,end,0.20,spline_interpolation
918,2009-01-07 09:10:00,-20.850000,,-29.665436,1,block_end,end,0.20,spline_interpolation
919,2009-01-07 09:20:00,-21.350000,,-29.548727,1,block_end,end,0.20,spline_interpolation
920,2009-01-07 09:30:00,-22.140000,,-29.428781,1,block_end,end,0.20,spline_interpolation
921,2009-01-07 09:40:00,-22.100000,,-29.305634,1,block_end,end,0.20,spline_interpolation
922,2009-01-07 09:50:00,-21.440000,,-29.179325,1,block_end,end,0.20,spline_interpolation
923,2009-01-07 10:00:00,-20.340000,,-29.049889,1,block_end,end,0.20,spline_interpolation
924,2009-01-07 10:10:00,-19.550000,,-28.917364,1,block_end,end,0.20,spline_interpolation
925,2009-01-07 10:20:00,-18.440000,,-28.781785,1,block_end,end,0.20,spline_interpolation
926,2009-01-07 10:30:00,-18.770000,,-28.643190,1,block_end,end,0.20,spline_interpolation
927,2009-01-07 10:40:00,-18.870000,,-28.501616,1,block_end,end,0.20,spline_interpolation
928,2009-01-07 10:50:00,-19.040000,,-28.357100,1,block_end,end,0.20,spline_interpolation
929,2009-01-07 11:00:00,-18.710000,,-28.209677,1,block_end,end,0.20,spline_interpolation
930,2009-01-07 11:10:00,-18.640000,,-28.059386,1,block_end,end,0.20,spline_interpolation
931,2009-01-07 11:20:00,-18.050000,,-27.906262,1,block_end,end,0.20,spline_interpolation
932,2009-01-07 11:30:00,-17.650000,,-27.750343,1,block_end,end,0.20,spline_interpolation
933,2009-01-07 11:40:00,-17.270000,,-27.591666,1,block_end,end,0.20,spline_interpolation
934,2009-01-07 11:50:00,-17.120000,,-27.430266,1,block_end,end,0.20,spline_interpolation
935,2009-01-07 12:00:00,-16.500000,,-27.266181,1,block_end,end,0.20,spline_interpolation
936,2009-01-07 12:10:00,-15.860000,,-27.099448,1,block_end,end,0.20,spline_interpolation
937,2009-01-07 12:20:00,-15.580000,,-26.930103,1,block_end,end,0.20,spline_interpolation
938,2009-01-07 12:30:00,-15.320000,,-26.758184,1,block_end,end,0.20,spline_interpolation
939,2009-01-07 12:40:00,-15.040000,,-26.583727,1,block_end,end,0.20,spline_interpolation
940,2009-01-07 12:50:00,-14.860000,,-26.406768,1,block_end,end,0.20,spline_interpolation
941,2009-01-07 13:00:00,-14.390000,,-26.227345,1,block_end,end,0.20,spline_interpolation
942,2009-01-07 13:10:00,-13.930000,,-26.045495,1,block_end,end,0.20,spline_interpolation
943,2009-01-07 13:20:00,-13.080000,,-25.861253,1,block_end,end,0.20,spline_interpolation
944,2009-01-07 13:30:00,-12.330000,,-25.674658,1,block_end,end,0.20,spline_interpolation
945,2009-01-07 13:40:00,-12.050000,,-25.485745,1,block_end,end,0.20,spline_interpolation
946,2009-01-07 13:50:00,-11.960000,,-25.294552,1,block_end,end,0.20,spline_interpolation
947,2009-01-07 14:00:00,-12.150000,,-25.101115,1,block_end,end,0.20,spline_interpolation
948,2009-01-07 14:10:00,-12.280000,,-24.905471,1,block_end,end,0.20,spline_interpolation
949,2009-01-07 14:20:00,-12.060000,,-24.707657,1,block_end,end,0.20,spline_interpolation
950,2009-01-07 14:30:00,-11.890000,,-24.507709,1,block_end,end,0.20,spline_interpolation
951,2009-01-07 14:40:00,-11.440000,,-24.305665,1,block_end,end,0.20,spline_interpolation
952,2009-01-07 14:50:00,-10.840000,,-24.101562,1,block_end,end,0.20,spline_interpolation
953,2009-01-07 15:00:00,-10.570000,,-23.895435,1,block_end,end,0.20,spline_interpolation
954,2009-01-07 15:10:00,-10.340000,,-23.687322,1,block_end,end,0.20,spline_interpolation
955,2009-01-07 15:20:00,-10.190000,,-23.477259,1,block_end,end,0.20,spline_interpolation
956,2009-01-07 15:30:00,-10.030000,,-23.265284,1,block_end,end,0.20,spline_interpolation
957,2009-01-07 15:40:00,-10.120000,,-23.051433,1,block_end,end,0.20,spline_interpolation
958,2009-01-07 15:50:00,-9.840000,,-22.835743,1,block_end,end,0.20,spline_interpolation
959,2009-01-07 16:00:00,-9.580000,,-22.618250,1,block_end,end,0.20,spline_interpolation
960,2009-01-07 16:10:00,-9.400000,,-22.398992,1,block_end,end,0.20,spline_interpolation
961,2009-01-07 16:20:00,-9.440000,,-22.178005,1,block_end,end,0.20,spline_interpolation
962,2009-01-07 16:30:00,-9.180000,,-21.955326,1,block_end,end,0.20,spline_interpolation
963,2009-01-07 16:40:00,-8.950000,,-21.730992,1,block_end,end,0.20,spline_interpolation
964,2009-01-07 16:50:00,-8.650000,,-21.505040,1,block_end,end,0.20,spline_interpolation
965,2009-01-07 17:00:00,-8.550000,,-21.277506,1,block_end,end,0.20,spline_interpolation
966,2009-01-07 17:10:00,-8.470000,,-21.048427,1,block_end,end,0.20,spline_interpolation
967,2009-01-07 17:20:00,-8.460000,,-20.817840,1,block_end,end,0.20,spline_interpolation
968,2009-01-07 17:30:00,-8.350000,,-20.585781,1,block_end,end,0.20,spline_interpolation
969,2009-01-07 17:40:00,-8.430000,,-20.352289,1,block_end,end,0.20,spline_interpolation
970,2009-01-07 17:50:00,-8.260000,,-20.117398,1,block_end,end,0.20,spline_interpolation
971,2009-01-07 18:00:00,-7.980000,,-19.881147,1,block_end,end,0.20,spline_interpolation
972,2009-01-07 18:10:00,-8.020000,,-19.643571,1,block_end,end,0.20,spline_interpolation
973,2009-01-07 18:20:00,-7.670000,,-19.404708,1,block_end,end,0.20,spline_interpolation
974,2009-01-07 18:30:00,-7.650000,,-19.164594,1,block_end,end,0.20,spline_interpolation
975,2009-01-07 18:40:00,-7.660000,,-18.923267,1,block_end,end,0.20,spline_interpolation
976,2009-01-07 18:50:00,-7.530000,,-18.680762,1,block_end,end,0.20,spline_interpolation
977,2009-01-07 19:00:00,-7.750000,,-18.437118,1,block_end,end,0.20,spline_interpolation
978,2009-01-07 19:10:00,-7.460000,,-18.192369,1,block_end,end,0.20,spline_interpolation
979,2009-01-07 19:20:00,-7.450000,,-17.946555,1,block_end,end,0.20,spline_interpolation
980,2009-01-07 19:30:00,-7.810000,,-17.699710,1,block_end,end,0.20,spline_interpolation
981,2009-01-07 19:40:00,-7.880000,,-17.451872,1,block_end,end,0.20,spline_interpolation
982,2009-01-07 19:50:00,-7.920000,,-17.203078,1,block_end,end,0.20,spline_interpolation
983,2009-01-07 20:00:00,-7.850000,,-16.953364,1,block_end,end,0.20,spline_interpolation
984,2009-01-07 20:10:00,-8.270000,,-16.702767,1,block_end,end,0.20,spline_interpolation
985,2009-01-07 20:20:00,-8.560000,,-16.451325,1,block_end,end,0.20,spline_interpolation
986,2009-01-07 20:30:00,-8.620000,,-16.199073,1,block_end,end,0.20,spline_interpolation
987,2009-01-07 20:40:00,-8.510000,,-15.946049,1,block_end,end,0.20,spline_interpolation
988,2009-01-07 20:50:00,-8.500000,,-15.692289,1,block_end,end,0.20,spline_interpolation
989,2009-01-07 21:00:00,-8.440000,,-15.437830,1,block_end,end,0.20,spline_interpolation
990,2009-01-07 21:10:00,-8.560000,,-15.182709,1,block_end,end,0.20,spline_interpolation
991,2009-01-07 21:20:00,-8.890000,,-14.926963,1,block_end,end,0.20,spline_interpolation
992,2009-01-07 21:30:00,-9.300000,,-14.670629,1,block_end,end,0.20,spline_interpolation
993,2009-01-07 21:40:00,-10.120000,,-14.413742,1,block_end,end,0.20,spline_interpolation
994,2009-01-07 21:50:00,-10.070000,,-14.156341,1,block_end,end,0.20,spline_interpolation
995,2009-01-07 22:00:00,-9.410000,,-13.898462,1,block_end,end,0.20,spline_interpolation
996,2009-01-07 22:10:00,-9.300000,,-13.640141,1,block_end,end,0.20,spline_interpolation
997,2009-01-07 22:20:00,-9.890000,,-13.381416,1,block_end,end,0.20,spline_interpolation
998,2009-01-07 22:30:00,-10.440000,,-13.122322,1,block_end,end,0.20,spline_interpolation
999,2009-01-07 22:40:00,-10.830000,,-12.862898,1,block_end,end,0.20,spline_interpolation
1000,2009-01-07 22:50:00,-10.790000,,-12.603179,1,block_end,end,0.20,spline_interpolation
1001,2009-01-07 23:00:00,-10.680000,,-12.343203,1,block_end,end,0.20,spline_interpolation
1002,2009-01-07 23:10:00,-10.990000,,-12.083007,1,block_end,end,0.20,spline_interpolation
1003,2009-01-07 23:20:00,-10.910000,,-11.822626,1,block_end,end,0.20,spline_interpolation
1004,2009-01-07 23:30:00,-10.620000,,-11.562098,1,block_end,end,0.20,spline_interpolation
1005,2009-01-07 23:40:00,-10.730000,,-11.301460,1,block_end,end,0.20,spline_interpolation
1006,2009-01-07 23:50:00,-10.590000,,-11.040748,1,block_end,end,0.20,spline_interpolation
1007,2009-01-08 00:00:00,-10.780000,-10.780000,-10.780000,0,block_end,end,0.20,spline_interpolation
